Title,Date,Year,Month,Day,Day_of_week,show_name,season,episode_name,show_type
Erin Brockovich,2019-11-16,2019,November,16,Saturday,Erin Brockovich,,,Movie
Queer Eye: We're in Japan!: Season 1: Crazy in Love,2019-11-15,2019,November,15,Friday,Queer Eye, We're in Japan!, Season 1: Crazy in Love,TV Show
Queer Eye: We're in Japan!: Season 1: Japanese Holiday,2019-11-15,2019,November,15,Friday,Queer Eye, We're in Japan!, Season 1: Japanese Holiday,TV Show
Rotten: Season 2: The Avocado War,2019-11-12,2019,November,12,Tuesday,Rotten, Season 2, The Avocado War,TV Show
Midnight Diner: Tokyo Stories: Season 1: Tan Men,2019-11-12,2019,November,12,Tuesday,Midnight Diner, Tokyo Stories, Season 1: Tan Men,TV Show
Seth Meyers: Lobby Baby,2019-11-10,2019,November,10,Sunday,Seth Meyers, Lobby Baby,,TV Show
Wild Wild Country: Season 1: Part 6,2019-11-08,2019,November,8,Friday,Wild Wild Country, Season 1, Part 6,TV Show
The Office (U.S.): Season 1: Pilot,2019-11-08,2019,November,8,Friday,The Office (U.S.), Season 1, Pilot,TV Show
Wild Wild Country: Season 1: Part 3,2019-11-07,2019,November,7,Thursday,Wild Wild Country, Season 1, Part 3,TV Show
Our Planet - Behind The Scenes,2019-11-06,2019,November,6,Wednesday,Our Planet - Behind The Scenes,,,Movie
Our Planet: Season 1: Forests,2019-11-06,2019,November,6,Wednesday,Our Planet, Season 1, Forests,TV Show
Our Planet: Season 1: Fresh Water,2019-11-06,2019,November,6,Wednesday,Our Planet, Season 1, Fresh Water,TV Show
Planet Earth II: Cities,2019-11-05,2019,November,5,Tuesday,Planet Earth II, Cities,,TV Show
Planet Earth II: Grasslands,2019-11-05,2019,November,5,Tuesday,Planet Earth II, Grasslands,,TV Show
Wild Wild Country: Season 1: Part 5,2019-11-05,2019,November,5,Tuesday,Wild Wild Country, Season 1, Part 5,TV Show
Planet Earth II: Deserts,2019-11-03,2019,November,3,Sunday,Planet Earth II, Deserts,,TV Show
Planet Earth II: Mountains,2019-11-03,2019,November,3,Sunday,Planet Earth II, Mountains,,TV Show
Wild Wild Country: Season 1: Part 4,2019-11-03,2019,November,3,Sunday,Wild Wild Country, Season 1, Part 4,TV Show
Drive,2019-11-03,2019,November,3,Sunday,Drive,,,Movie
Friends: Season 7: The One with Phoebe's Cookies,2019-11-02,2019,November,2,Saturday,Friends, Season 7, The One with Phoebe's Cookies,TV Show
Friends: Season 7: The One with Rachel's Book,2019-11-02,2019,November,2,Saturday,Friends, Season 7, The One with Rachel's Book,TV Show
Friends: Season 7: The One with Monica's Thunder,2019-11-02,2019,November,2,Saturday,Friends, Season 7, The One with Monica's Thunder,TV Show
"Breakfast, Lunch & Dinner: Season 1: Marrakesh with Chrissy Teigen",2019-11-02,2019,November,2,Saturday,"Breakfast, Lunch & Dinner", Season 1, Marrakesh with Chrissy Teigen,TV Show
Wild Wild Country: Season 1: Part 2,2019-11-02,2019,November,2,Saturday,Wild Wild Country, Season 1, Part 2,TV Show
Wild Wild Country: Season 1: Part 1,2019-11-02,2019,November,2,Saturday,Wild Wild Country, Season 1, Part 1,TV Show
Patriot Act with Hasan Minhaj: Volume 4: The Broken Policing System,2019-11-02,2019,November,2,Saturday,Patriot Act with Hasan Minhaj, Volume 4, The Broken Policing System,TV Show
The Game Changers,2019-11-02,2019,November,2,Saturday,The Game Changers,,,Movie
Jenny Slate: Stage Fright,2019-10-30,2019,October,30,Wednesday,Jenny Slate, Stage Fright,,TV Show
The Laundromat,2019-10-30,2019,October,30,Wednesday,The Laundromat,,,Movie
"BoJack Horseman: Season 6: A Quick One, While He's Away",2019-10-30,2019,October,30,Wednesday,BoJack Horseman, Season 6," A Quick One, While He's Away",TV Show
BoJack Horseman: Season 5: Free Churro,2019-10-29,2019,October,29,Tuesday,BoJack Horseman, Season 5, Free Churro,TV Show
My Next Guest Needs No Introduction With David Letterman: Season 2: Bonus: Zach Galifianakis,2019-10-28,2019,October,28,Monday,My Next Guest Needs No Introduction With David Letterman, Season 2, Bonus: Zach Galifianakis,TV Show
My Next Guest with David Letterman and Shah Rukh Khan,2019-10-28,2019,October,28,Monday,My Next Guest with David Letterman and Shah Rukh Khan,,,Movie
"Breakfast, Lunch & Dinner: Season 1: Vancouver with Seth Rogen",2019-10-26,2019,October,26,Saturday,"Breakfast, Lunch & Dinner", Season 1, Vancouver with Seth Rogen,TV Show
Planet Earth II: Islands,2019-10-19,2019,October,19,Saturday,Planet Earth II, Islands,,TV Show
Planet Earth II: Jungles,2019-10-19,2019,October,19,Saturday,Planet Earth II, Jungles,,TV Show
This Is Us: Season 1: Pilot,2019-10-17,2019,October,17,Thursday,This Is Us, Season 1, Pilot,TV Show
Pretty Little Liars: Season 1: Pilot,2019-10-17,2019,October,17,Thursday,Pretty Little Liars, Season 1, Pilot,TV Show
Explained: Season 2: Animal Intelligence,2019-10-17,2019,October,17,Thursday,Explained, Season 2, Animal Intelligence,TV Show
Explained: Season 2: Athleisure,2019-10-17,2019,October,17,Thursday,Explained, Season 2, Athleisure,TV Show
The Good Place: Season 1: Flying,2019-10-15,2019,October,15,Tuesday,The Good Place, Season 1, Flying,TV Show
The Good Place: Season 1: Everything Is Fine,2019-10-15,2019,October,15,Tuesday,The Good Place, Season 1, Everything Is Fine,TV Show
Inside Bill's Brain: Decoding Bill Gates: Limited Series: Part 1,2019-09-28,2019,September,28,Saturday,Inside Bill's Brain, Decoding Bill Gates, Limited Series: Part 1,TV Show
Friends: Season 6: The One with the Proposal: Part 2,2019-09-24,2019,September,24,Tuesday,Friends, Season 6, The One with the Proposal: Part 2,TV Show
Friends: Season 6: The One with the Proposal: Part 1,2019-09-24,2019,September,24,Tuesday,Friends, Season 6, The One with the Proposal: Part 1,TV Show
Friends: Season 6: The One with the Ring,2019-09-24,2019,September,24,Tuesday,Friends, Season 6, The One with the Ring,TV Show
Friends: Season 6: The One Where Paul's the Man,2019-09-24,2019,September,24,Tuesday,Friends, Season 6, The One Where Paul's the Man,TV Show
Friends: Season 6: The One Where Ross Meets Elizabeth's Dad,2019-09-24,2019,September,24,Tuesday,Friends, Season 6, The One Where Ross Meets Elizabeth's Dad,TV Show
Friends: Season 6: The One with Mac and C.H.E.E.S.E,2019-09-24,2019,September,24,Tuesday,Friends, Season 6, The One with Mac and C.H.E.E.S.E,TV Show
Friends: Season 6: The One with Joey's Fridge,2019-09-16,2019,September,16,Monday,Friends, Season 6, The One with Joey's Fridge,TV Show
Friends: Season 6: The One Where Ross Dates a Student,2019-09-16,2019,September,16,Monday,Friends, Season 6, The One Where Ross Dates a Student,TV Show
Friends: Season 6: The One with Unagi,2019-09-16,2019,September,16,Monday,Friends, Season 6, The One with Unagi,TV Show
Friends: Season 6: The One That Could Have Been: Part 2,2019-09-16,2019,September,16,Monday,Friends, Season 6, The One That Could Have Been: Part 2,TV Show
Friends: Season 6: The One That Could Have Been: Part 1,2019-09-16,2019,September,16,Monday,Friends, Season 6, The One That Could Have Been: Part 1,TV Show
Friends: Season 6: The One Where Chandler Can't Cry,2019-09-16,2019,September,16,Monday,Friends, Season 6, The One Where Chandler Can't Cry,TV Show
Friends: Season 6: The One with Rachel's Sister,2019-09-16,2019,September,16,Monday,Friends, Season 6, The One with Rachel's Sister,TV Show
Friends: Season 6: The One with the Joke,2019-09-16,2019,September,16,Monday,Friends, Season 6, The One with the Joke,TV Show
Capernaum,2019-09-16,2019,September,16,Monday,Capernaum,,,Movie
"The Mind, Explained: Limited Series: Dreams",2019-09-14,2019,September,14,Saturday,"The Mind, Explained", Limited Series, Dreams,TV Show
"The Mind, Explained: Limited Series: Memory",2019-09-14,2019,September,14,Saturday,"The Mind, Explained", Limited Series, Memory,TV Show
"Hello, Privilege. It's Me, Chelsea",2019-09-14,2019,September,14,Saturday,"Hello, Privilege. It's Me, Chelsea",,,Movie
Friends: Season 6: The One with the Apothecary Table,2019-09-13,2019,September,13,Friday,Friends, Season 6, The One with the Apothecary Table,TV Show
Friends: Season 6: The One with the Routine,2019-09-13,2019,September,13,Friday,Friends, Season 6, The One with the Routine,TV Show
Friends: Season 6: The One Where Ross Got High,2019-09-12,2019,September,12,Thursday,Friends, Season 6, The One Where Ross Got High,TV Show
Friends: Season 6: The One with Ross's Teeth,2019-09-12,2019,September,12,Thursday,Friends, Season 6, The One with Ross's Teeth,TV Show
Friends: Season 6: The One Where Phoebe Runs,2019-09-12,2019,September,12,Thursday,Friends, Season 6, The One Where Phoebe Runs,TV Show
Friends: Season 6: The One on the Last Night,2019-09-12,2019,September,12,Thursday,Friends, Season 6, The One on the Last Night,TV Show
Friends: Season 6: The One with Joey's Porsche,2019-09-12,2019,September,12,Thursday,Friends, Season 6, The One with Joey's Porsche,TV Show
Friends: Season 6: The One Where Joey Loses His Insurance,2019-09-11,2019,September,11,Wednesday,Friends, Season 6, The One Where Joey Loses His Insurance,TV Show
Friends: Season 6: The One with Ross's Denial,2019-09-11,2019,September,11,Wednesday,Friends, Season 6, The One with Ross's Denial,TV Show
The World's Most Extraordinary Homes: Season 2 Part B: Spain,2019-09-11,2019,September,11,Wednesday,The World's Most Extraordinary Homes, Season 2 Part B, Spain,TV Show
Friends: Season 6: The One Where Ross Hugs Rachel,2019-09-10,2019,September,10,Tuesday,Friends, Season 6, The One Where Ross Hugs Rachel,TV Show
Friends: Season 6: The One After Vegas,2019-09-10,2019,September,10,Tuesday,Friends, Season 6, The One After Vegas,TV Show
Friends: Season 5: The One in Vegas: Part 2,2019-09-10,2019,September,10,Tuesday,Friends, Season 5, The One in Vegas: Part 2,TV Show
Friends: Season 5: The One in Vegas: Part 1,2019-09-06,2019,September,6,Friday,Friends, Season 5, The One in Vegas: Part 1,TV Show
Friends: Season 5: The One with Joey's Big Break,2019-09-06,2019,September,6,Friday,Friends, Season 5, The One with Joey's Big Break,TV Show
Friends: Season 5: The One with the Ball,2019-09-04,2019,September,4,Wednesday,Friends, Season 5, The One with the Ball,TV Show
Friends: Season 5: The One with the Ride-Along,2019-09-04,2019,September,4,Wednesday,Friends, Season 5, The One with the Ride-Along,TV Show
Friends: Season 5: The One Where Ross Can't Flirt,2019-09-04,2019,September,4,Wednesday,Friends, Season 5, The One Where Ross Can't Flirt,TV Show
Friends: Season 5: The One Where Rachel Smokes,2019-09-04,2019,September,4,Wednesday,Friends, Season 5, The One Where Rachel Smokes,TV Show
Friends: Season 5: The One with Rachel's Inadvertent Kiss,2019-09-03,2019,September,3,Tuesday,Friends, Season 5, The One with Rachel's Inadvertent Kiss,TV Show
Friends: Season 5: The One with the Cop,2019-09-03,2019,September,3,Tuesday,Friends, Season 5, The One with the Cop,TV Show
Friends: Season 5: The One with the Girl Who Hits Joey,2019-09-02,2019,September,2,Monday,Friends, Season 5, The One with the Girl Who Hits Joey,TV Show
Friends: Season 5: The One Where Everybody Finds Out,2019-09-02,2019,September,2,Monday,Friends, Season 5, The One Where Everybody Finds Out,TV Show
Friends: Season 5: The One with Joey's Bag,2019-09-01,2019,September,1,Sunday,Friends, Season 5, The One with Joey's Bag,TV Show
Friends: Season 5: The One with Chandler's Work Laugh,2019-09-01,2019,September,1,Sunday,Friends, Season 5, The One with Chandler's Work Laugh,TV Show
Friends: Season 5: The One with All the Resolutions,2019-09-01,2019,September,1,Sunday,Friends, Season 5, The One with All the Resolutions,TV Show
Friends: Season 5: The One with the Inappropriate Sister,2019-09-01,2019,September,1,Sunday,Friends, Season 5, The One with the Inappropriate Sister,TV Show
Friends: Season 5: The One with Ross's Sandwich,2019-08-31,2019,August,31,Saturday,Friends, Season 5, The One with Ross's Sandwich,TV Show
Friends: Season 5: The One with All the Thanksgivings,2019-08-31,2019,August,31,Saturday,Friends, Season 5, The One with All the Thanksgivings,TV Show
Friends: Season 5: The One Where Ross Moves In,2019-08-31,2019,August,31,Saturday,Friends, Season 5, The One Where Ross Moves In,TV Show
Friends: Season 5: The One with the Yeti,2019-08-31,2019,August,31,Saturday,Friends, Season 5, The One with the Yeti,TV Show
Friends: Season 5: The One with the Kips,2019-08-30,2019,August,30,Friday,Friends, Season 5, The One with the Kips,TV Show
Friends: Season 5: The One Where Phoebe Hates PBS,2019-08-30,2019,August,30,Friday,Friends, Season 5, The One Where Phoebe Hates PBS,TV Show
Friends: Season 5: The One Hundredth,2019-08-30,2019,August,30,Friday,Friends, Season 5, The One Hundredth,TV Show
Friends: Season 5: The One with All the Kissing,2019-08-30,2019,August,30,Friday,Friends, Season 5, The One with All the Kissing,TV Show
Friends: Season 5: The One After Ross Says Rachel,2019-08-30,2019,August,30,Friday,Friends, Season 5, The One After Ross Says Rachel,TV Show
Friends: Season 4: The One with Ross's Wedding: Part 2,2019-08-30,2019,August,30,Friday,Friends, Season 4, The One with Ross's Wedding: Part 2,TV Show
Friends: Season 4: The One with Ross's Wedding: Part 1,2019-08-30,2019,August,30,Friday,Friends, Season 4, The One with Ross's Wedding: Part 1,TV Show
Friends: Season 4: The One with the Worst Best Man Ever,2019-08-30,2019,August,30,Friday,Friends, Season 4, The One with the Worst Best Man Ever,TV Show
Friends: Season 4: The One with the Invitation,2019-08-30,2019,August,30,Friday,Friends, Season 4, The One with the Invitation,TV Show
Friends: Season 4: The One with the Wedding Dresses,2019-08-30,2019,August,30,Friday,Friends, Season 4, The One with the Wedding Dresses,TV Show
Friends: Season 4: The One with All the Haste,2019-08-30,2019,August,30,Friday,Friends, Season 4, The One with All the Haste,TV Show
Friends: Season 4: The One Where They're Going to Party,2019-08-30,2019,August,30,Friday,Friends, Season 4, The One Where They're Going to Party,TV Show
Friends: Season 4: The One with Chandler in a Box,2019-08-23,2019,August,23,Friday,Friends, Season 4, The One with Chandler in a Box,TV Show
Friends: Season 4: The One Where Chandler Crosses the Line,2019-08-23,2019,August,23,Friday,Friends, Season 4, The One Where Chandler Crosses the Line,TV Show
Friends: Season 4: The One with the Dirty Girl,2019-08-21,2019,August,21,Wednesday,Friends, Season 4, The One with the Dirty Girl,TV Show
Friends: Season 4: The One with Joey's New Girlfriend,2019-08-20,2019,August,20,Tuesday,Friends, Season 4, The One with Joey's New Girlfriend,TV Show
Friends: Season 4: The One with the Ballroom Dancing,2019-08-20,2019,August,20,Tuesday,Friends, Season 4, The One with the Ballroom Dancing,TV Show
Friends: Season 4: The One with the 'Cuffs,2019-08-18,2019,August,18,Sunday,Friends, Season 4, The One with the 'Cuffs,TV Show
Friends: Season 4: The One with the Cat,2019-08-18,2019,August,18,Sunday,Friends, Season 4, The One with the Cat,TV Show
Friends: Season 4: The One with the Jellyfish,2019-08-18,2019,August,18,Sunday,Friends, Season 4, The One with the Jellyfish,TV Show
Friends: Season 3: The One at the Beach,2019-08-18,2019,August,18,Sunday,Friends, Season 3, The One at the Beach,TV Show
Friends: Season 3: The One with the Ultimate Fighting Champion,2019-08-18,2019,August,18,Sunday,Friends, Season 3, The One with the Ultimate Fighting Champion,TV Show
Friends: Season 3: The One with Ross's Thing,2019-08-18,2019,August,18,Sunday,Friends, Season 3, The One with Ross's Thing,TV Show
Friends: Season 3: The One with the Screamer,2019-08-18,2019,August,18,Sunday,Friends, Season 3, The One with the Screamer,TV Show
Friends: Season 3: The One with a Chick. And a Duck,2019-08-18,2019,August,18,Sunday,Friends, Season 3, The One with a Chick. And a Duck,TV Show
Friends: Season 3: The One with the Dollhouse,2019-08-18,2019,August,18,Sunday,Friends, Season 3, The One with the Dollhouse,TV Show
Friends: Season 3: The One with the Tiny T-Shirt,2019-08-17,2019,August,17,Saturday,Friends, Season 3, The One with the Tiny T-Shirt,TV Show
Friends: Season 3: The One with the Hypnosis Tape,2019-08-17,2019,August,17,Saturday,Friends, Season 3, The One with the Hypnosis Tape,TV Show
Friends: Season 3: The One Without the Ski Trip,2019-08-17,2019,August,17,Saturday,Friends, Season 3, The One Without the Ski Trip,TV Show
Friends: Season 3: The One The Morning After,2019-08-17,2019,August,17,Saturday,Friends, Season 3, The One The Morning After,TV Show
Friends: Season 3: The One Where Ross & Rachel Take a Break,2019-08-17,2019,August,17,Saturday,Friends, Season 3, The One Where Ross & Rachel Take a Break,TV Show
Friends: Season 3: The One with Phoebe's Ex-Partner,2019-08-16,2019,August,16,Friday,Friends, Season 3, The One with Phoebe's Ex-Partner,TV Show
Friends: Season 3: The One Where Monica & Richard Are Just Friends,2019-08-16,2019,August,16,Friday,Friends, Season 3, The One Where Monica & Richard Are Just Friends,TV Show
Friends: Season 3: The One with All the Jealousy,2019-08-14,2019,August,14,Wednesday,Friends, Season 3, The One with All the Jealousy,TV Show
Friends: Season 3: The One Where Chandler Can't Remember Which Sister,2019-08-14,2019,August,14,Wednesday,Friends, Season 3, The One Where Chandler Can't Remember Which Sister,TV Show
Friends: Season 3: The One Where Rachel Quits,2019-08-14,2019,August,14,Wednesday,Friends, Season 3, The One Where Rachel Quits,TV Show
Friends: Season 3: The One with the Football,2019-08-14,2019,August,14,Wednesday,Friends, Season 3, The One with the Football,TV Show
Friends: Season 3: The One with the Giant Poking Device,2019-08-14,2019,August,14,Wednesday,Friends, Season 3, The One with the Giant Poking Device,TV Show
Friends: Season 3: The One with the Race Car Bed,2019-08-13,2019,August,13,Tuesday,Friends, Season 3, The One with the Race Car Bed,TV Show
Friends: Season 3: The One with the Flashback,2019-08-13,2019,August,13,Tuesday,Friends, Season 3, The One with the Flashback,TV Show
Friends: Season 3: The One with Frank Jr,2019-08-13,2019,August,13,Tuesday,Friends, Season 3, The One with Frank Jr,TV Show
Friends: Season 3: The One with the Metaphorical Tunnel,2019-08-12,2019,August,12,Monday,Friends, Season 3, The One with the Metaphorical Tunnel,TV Show
Friends: Season 3: The One with the Jam,2019-08-12,2019,August,12,Monday,Friends, Season 3, The One with the Jam,TV Show
Friends: Season 3: The One Where No One's Ready,2019-08-12,2019,August,12,Monday,Friends, Season 3, The One Where No One's Ready,TV Show
Friends: Season 3: The One with the Princess Leia Fantasy,2019-08-12,2019,August,12,Monday,Friends, Season 3, The One with the Princess Leia Fantasy,TV Show
Friends: Season 2: The One with Barry and Mindy's Wedding,2019-08-12,2019,August,12,Monday,Friends, Season 2, The One with Barry and Mindy's Wedding,TV Show
Friends: Season 2: The One with the Chicken Pox,2019-08-12,2019,August,12,Monday,Friends, Season 2, The One with the Chicken Pox,TV Show
The Family: Limited Series: Submersion,2019-08-12,2019,August,12,Monday,The Family, Limited Series, Submersion,TV Show
Friends: Season 2: The One with the Two Parties,2019-08-11,2019,August,11,Sunday,Friends, Season 2, The One with the Two Parties,TV Show
Friends: Season 2: The One with the Bullies,2019-08-11,2019,August,11,Sunday,Friends, Season 2, The One with the Bullies,TV Show
Friends: Season 2: The One Where Old Yeller Dies,2019-08-10,2019,August,10,Saturday,Friends, Season 2, The One Where Old Yeller Dies,TV Show
Friends: Season 2: The One Where Eddie Won't Go,2019-08-09,2019,August,9,Friday,Friends, Season 2, The One Where Eddie Won't Go,TV Show
Friends: Season 2: The One Where Dr. Ramoray Dies,2019-08-09,2019,August,9,Friday,Friends, Season 2, The One Where Dr. Ramoray Dies,TV Show
Friends: Season 2: The One After the Super Bowl: Part 2,2019-08-09,2019,August,9,Friday,Friends, Season 2, The One After the Super Bowl: Part 2,TV Show
Friends: Season 2: The One Where Eddie Moves In,2019-08-08,2019,August,8,Thursday,Friends, Season 2, The One Where Eddie Moves In,TV Show
Friends: Season 2: The One Where Joey Moves Out,2019-08-08,2019,August,8,Thursday,Friends, Season 2, The One Where Joey Moves Out,TV Show
Friends: Season 2: The One Where Ross and Rachel...You Know,2019-08-08,2019,August,8,Thursday,Friends, Season 2, The One Where Ross and Rachel...You Know,TV Show
Friends: Season 2: The One with the Prom Video,2019-08-08,2019,August,8,Thursday,Friends, Season 2, The One with the Prom Video,TV Show
Friends: Season 2: The One After the Super Bowl: Part 1,2019-08-08,2019,August,8,Thursday,Friends, Season 2, The One After the Super Bowl: Part 1,TV Show
Friends: Season 2: The One with the Lesbian Wedding,2019-08-08,2019,August,8,Thursday,Friends, Season 2, The One with the Lesbian Wedding,TV Show
Queer Eye: Season 4: Without Further Ado,2019-08-08,2019,August,8,Thursday,Queer Eye, Season 4, Without Further Ado,TV Show
Friends: Season 1: The One Where the Monkey Gets Away,2019-08-08,2019,August,8,Thursday,Friends, Season 1, The One Where the Monkey Gets Away,TV Show
Friends: Season 1: The One with Mrs. Bing,2019-08-08,2019,August,8,Thursday,Friends, Season 1, The One with Mrs. Bing,TV Show
Friends: Season 2: The One with Russ,2019-08-06,2019,August,6,Tuesday,Friends, Season 2, The One with Russ,TV Show
Friends: Season 2: The One with Phoebe's Dad,2019-08-06,2019,August,6,Tuesday,Friends, Season 2, The One with Phoebe's Dad,TV Show
Friends: Season 2: The One with the List,2019-08-06,2019,August,6,Tuesday,Friends, Season 2, The One with the List,TV Show
Friends: Season 2: The One Where Ross Finds Out,2019-08-06,2019,August,6,Tuesday,Friends, Season 2, The One Where Ross Finds Out,TV Show
Friends: Season 2: The One with the Baby on the Bus,2019-08-06,2019,August,6,Tuesday,Friends, Season 2, The One with the Baby on the Bus,TV Show
Friends: Season 2: The One with Five Steaks and an Eggplant,2019-08-03,2019,August,3,Saturday,Friends, Season 2, The One with Five Steaks and an Eggplant,TV Show
Friends: Season 2: The One with Phoebe's Husband,2019-08-02,2019,August,2,Friday,Friends, Season 2, The One with Phoebe's Husband,TV Show
Friends: Season 2: The One Where Heckles Dies,2019-08-02,2019,August,2,Friday,Friends, Season 2, The One Where Heckles Dies,TV Show
Friends: Season 2: The One with the Breast Milk,2019-08-02,2019,August,2,Friday,Friends, Season 2, The One with the Breast Milk,TV Show
Friends: Season 2: The One with Ross's New Girlfriend,2019-08-02,2019,August,2,Friday,Friends, Season 2, The One with Ross's New Girlfriend,TV Show
Friends: Season 1: The One Where Rachel Finds Out,2019-08-02,2019,August,2,Friday,Friends, Season 1, The One Where Rachel Finds Out,TV Show
Friends: Season 1: The One with the Birth,2019-08-02,2019,August,2,Friday,Friends, Season 1, The One with the Birth,TV Show
Friends: Season 1: The One with the Ick Factor,2019-07-31,2019,July,31,Wednesday,Friends, Season 1, The One with the Ick Factor,TV Show
Friends: Season 1: The One with the Fake Monica,2019-07-31,2019,July,31,Wednesday,Friends, Season 1, The One with the Fake Monica,TV Show
Friends: Season 1: The One with the Evil Orthodontist,2019-07-31,2019,July,31,Wednesday,Friends, Season 1, The One with the Evil Orthodontist,TV Show
Friends: Season 1: The One with All the Poker,2019-07-31,2019,July,31,Wednesday,Friends, Season 1, The One with All the Poker,TV Show
Friends: Season 1: The One with the Two Parts: Part 2,2019-07-30,2019,July,30,Tuesday,Friends, Season 1, The One with the Two Parts: Part 2,TV Show
Friends: Season 1: The One with the Two Parts: Part 1,2019-07-30,2019,July,30,Tuesday,Friends, Season 1, The One with the Two Parts: Part 1,TV Show
Friends: Season 1: The One with the Dozen Lasagnas,2019-07-30,2019,July,30,Tuesday,Friends, Season 1, The One with the Dozen Lasagnas,TV Show
Friends: Season 1: The One with the Stoned Guy,2019-07-29,2019,July,29,Monday,Friends, Season 1, The One with the Stoned Guy,TV Show
Friends: Season 1: The One with the Candy Hearts,2019-07-29,2019,July,29,Monday,Friends, Season 1, The One with the Candy Hearts,TV Show
Friends: Season 1: The One with the Boobies,2019-07-29,2019,July,29,Monday,Friends, Season 1, The One with the Boobies,TV Show
Friends: Season 1: The One with the Monkey,2019-07-29,2019,July,29,Monday,Friends, Season 1, The One with the Monkey,TV Show
Friends: Season 1: The One Where Underdog Gets Away,2019-07-29,2019,July,29,Monday,Friends, Season 1, The One Where Underdog Gets Away,TV Show
Friends: Season 1: The One Where Nana Dies Twice,2019-07-29,2019,July,29,Monday,Friends, Season 1, The One Where Nana Dies Twice,TV Show
Friends: Season 1: The One with the Blackout,2019-07-29,2019,July,29,Monday,Friends, Season 1, The One with the Blackout,TV Show
Friends: Season 1: The One with the Butt,2019-07-28,2019,July,28,Sunday,Friends, Season 1, The One with the Butt,TV Show
Friends: Season 1: The One with the East German Laundry Detergent,2019-07-27,2019,July,27,Saturday,Friends, Season 1, The One with the East German Laundry Detergent,TV Show
Friends: Season 1: The One with George Stephanopoulos,2019-07-27,2019,July,27,Saturday,Friends, Season 1, The One with George Stephanopoulos,TV Show
Friends: Season 1: The One with the Thumb,2019-07-27,2019,July,27,Saturday,Friends, Season 1, The One with the Thumb,TV Show
Friends: Season 1: The One with the Sonogram at the End,2019-07-27,2019,July,27,Saturday,Friends, Season 1, The One with the Sonogram at the End,TV Show
The Great Hack,2019-07-26,2019,July,26,Friday,The Great Hack,,,Movie
Friends: Season 1: The One Where Monica Gets a Roommate (Pilot),2019-07-26,2019,July,26,Friday,Friends, Season 1, The One Where Monica Gets a Roommate (Pilot),TV Show
Black Mirror: Season 5: Striking Vipers,2019-07-26,2019,July,26,Friday,Black Mirror, Season 5, Striking Vipers,TV Show
15 August,2019-07-25,2019,July,25,Thursday,15 August,,,Movie
Shoplifters,2019-07-23,2019,July,23,Tuesday,Shoplifters,,,Movie
Oprah Winfrey Presents: When They See Us Now,2019-07-20,2019,July,20,Saturday,Oprah Winfrey Presents, When They See Us Now,,TV Show
When They See Us: Limited Series: Part Four,2019-07-20,2019,July,20,Saturday,When They See Us, Limited Series, Part Four,TV Show
When They See Us: Limited Series: Part Three,2019-07-20,2019,July,20,Saturday,When They See Us, Limited Series, Part Three,TV Show
When They See Us: Limited Series: Part Two,2019-07-19,2019,July,19,Friday,When They See Us, Limited Series, Part Two,TV Show
When They See Us: Limited Series: Part One,2019-07-18,2019,July,18,Thursday,When They See Us, Limited Series, Part One,TV Show
Mad Men: Season 1: Marriage of Figaro,2019-07-08,2019,July,8,Monday,Mad Men, Season 1, Marriage of Figaro,TV Show
Family Business: Season 1: Business Plan,2019-07-08,2019,July,8,Monday,Family Business, Season 1, Business Plan,TV Show
Mad Men: Season 1: Ladies Room,2019-07-06,2019,July,6,Saturday,Mad Men, Season 1, Ladies Room,TV Show
Mad Men: Season 1: Smoke Gets in Your Eyes,2019-07-06,2019,July,6,Saturday,Mad Men, Season 1, Smoke Gets in Your Eyes,TV Show
Bob Lazar: Area 51 & Flying Saucers,2019-07-06,2019,July,6,Saturday,Bob Lazar, Area 51 & Flying Saucers,,TV Show
Black Mirror: Season 5: Smithereens,2019-07-05,2019,July,5,Friday,Black Mirror, Season 5, Smithereens,TV Show
Mother's Day,2019-07-05,2019,July,5,Friday,Mother's Day,,,Movie
Fargo: Season 3: Somebody to Love,2019-07-04,2019,July,4,Thursday,Fargo, Season 3, Somebody to Love,TV Show
Fargo: Season 3: Aporia,2019-07-04,2019,July,4,Thursday,Fargo, Season 3, Aporia,TV Show
Fargo: Season 3: Who Rules the Land of Denial?,2019-07-04,2019,July,4,Thursday,Fargo, Season 3, Who Rules the Land of Denial?,TV Show
Fargo: Season 3: The Law of Inevitability,2019-07-04,2019,July,4,Thursday,Fargo, Season 3, The Law of Inevitability,TV Show
Fargo: Season 3: The Lord of No Mercy,2019-07-04,2019,July,4,Thursday,Fargo, Season 3, The Lord of No Mercy,TV Show
Fargo: Season 3: The House of Special Purpose,2019-07-04,2019,July,4,Thursday,Fargo, Season 3, The House of Special Purpose,TV Show
Fargo: Season 3: The Narrow Escape Problem,2019-07-03,2019,July,3,Wednesday,Fargo, Season 3, The Narrow Escape Problem,TV Show
Fargo: Season 3: The Law of Non-Contradiction,2019-07-03,2019,July,3,Wednesday,Fargo, Season 3, The Law of Non-Contradiction,TV Show
Fargo: Season 3: The Principle of Restricted Choice,2019-07-03,2019,July,3,Wednesday,Fargo, Season 3, The Principle of Restricted Choice,TV Show
Fargo: Season 3: The Law of Vacant Places,2019-07-02,2019,July,2,Tuesday,Fargo, Season 3, The Law of Vacant Places,TV Show
Fargo: Season 2: Palindrome,2019-07-02,2019,July,2,Tuesday,Fargo, Season 2, Palindrome,TV Show
Fargo: Season 2: The Castle,2019-07-02,2019,July,2,Tuesday,Fargo, Season 2, The Castle,TV Show
Fargo: Season 2: Loplop,2019-07-02,2019,July,2,Tuesday,Fargo, Season 2, Loplop,TV Show
"Fargo: Season 2: Did You Do This? No, You Did It!",2019-06-29,2019,June,29,Saturday,Fargo, Season 2," Did You Do This? No, You Did It!",TV Show
Fargo: Season 2: Rhinoceros,2019-06-29,2019,June,29,Saturday,Fargo, Season 2, Rhinoceros,TV Show
Fargo: Season 2: The Gift of the Magi,2019-06-29,2019,June,29,Saturday,Fargo, Season 2, The Gift of the Magi,TV Show
Fargo: Season 2: Fear and Trembling,2019-06-29,2019,June,29,Saturday,Fargo, Season 2, Fear and Trembling,TV Show
Fargo: Season 2: The Myth of Sysiphus,2019-06-29,2019,June,29,Saturday,Fargo, Season 2, The Myth of Sysiphus,TV Show
Fargo: Season 2: Before the Law,2019-06-29,2019,June,29,Saturday,Fargo, Season 2, Before the Law,TV Show
Fargo: Season 2: Waiting for Dutch,2019-06-28,2019,June,28,Friday,Fargo, Season 2, Waiting for Dutch,TV Show
Fargo: Season 1: Morton's Fork,2019-06-28,2019,June,28,Friday,Fargo, Season 1, Morton's Fork,TV Show
"Fargo: Season 1: A Fox, a Rabbit and a Cabbage",2019-06-28,2019,June,28,Friday,Fargo, Season 1," A Fox, a Rabbit and a Cabbage",TV Show
Fargo: Season 1: The Heap,2019-06-27,2019,June,27,Thursday,Fargo, Season 1, The Heap,TV Show
Fargo: Season 1: Who Shaves the Barber?,2019-06-27,2019,June,27,Thursday,Fargo, Season 1, Who Shaves the Barber?,TV Show
Fargo: Season 1: Buridan's Ass,2019-06-26,2019,June,26,Wednesday,Fargo, Season 1, Buridan's Ass,TV Show
Fargo: Season 1: The Six Ungraspables,2019-06-26,2019,June,26,Wednesday,Fargo, Season 1, The Six Ungraspables,TV Show
Fargo: Season 1: Eating the Blame,2019-06-26,2019,June,26,Wednesday,Fargo, Season 1, Eating the Blame,TV Show
Fargo: Season 1: A Muddy Road,2019-06-26,2019,June,26,Wednesday,Fargo, Season 1, A Muddy Road,TV Show
Fargo: Season 1: The Rooster Prince,2019-06-25,2019,June,25,Tuesday,Fargo, Season 1, The Rooster Prince,TV Show
Fargo: Season 1: The Crocodile's Dilemma,2019-06-25,2019,June,25,Tuesday,Fargo, Season 1, The Crocodile's Dilemma,TV Show
3 Seconds Divorce,2019-06-25,2019,June,25,Tuesday,3 Seconds Divorce,,,Movie
Leila: Season 1: Episode 1,2019-06-23,2019,June,23,Sunday,Leila, Season 1, Episode 1,TV Show
Leila: Season 1: Episode 6,2019-06-22,2019,June,22,Saturday,Leila, Season 1, Episode 6,TV Show
The Mindy Project: Season 1: Pilot,2019-06-19,2019,June,19,Wednesday,The Mindy Project, Season 1, Pilot,TV Show
Master of None: Season 2: Buona Notte,2019-06-19,2019,June,19,Wednesday,Master of None, Season 2, Buona Notte,TV Show
Master of None: Season 2: Amarsi Un Po,2019-06-19,2019,June,19,Wednesday,Master of None, Season 2, Amarsi Un Po,TV Show
Master of None: Season 2: Thanksgiving,2019-06-18,2019,June,18,Tuesday,Master of None, Season 2, Thanksgiving,TV Show
Master of None: Season 2: Door #3,2019-06-18,2019,June,18,Tuesday,Master of None, Season 2, Door #3,TV Show
"Master of None: Season 2: New York, I Love You",2019-06-17,2019,June,17,Monday,Master of None, Season 2," New York, I Love You",TV Show
Master of None: Season 2: The Dinner Party,2019-06-17,2019,June,17,Monday,Master of None, Season 2, The Dinner Party,TV Show
Master of None: Season 2: First Date,2019-06-17,2019,June,17,Monday,Master of None, Season 2, First Date,TV Show
Master of None: Season 2: Religion,2019-06-17,2019,June,17,Monday,Master of None, Season 2, Religion,TV Show
Master of None: Season 2: Le Nozze,2019-06-17,2019,June,17,Monday,Master of None, Season 2, Le Nozze,TV Show
Master of None: Season 2: The Thief,2019-06-17,2019,June,17,Monday,Master of None, Season 2, The Thief,TV Show
Master of None: Season 1: Finale,2019-06-17,2019,June,17,Monday,Master of None, Season 1, Finale,TV Show
Master of None: Season 1: Mornings,2019-06-17,2019,June,17,Monday,Master of None, Season 1, Mornings,TV Show
Master of None: Season 1: Old People,2019-06-17,2019,June,17,Monday,Master of None, Season 1, Old People,TV Show
Master of None: Season 1: Ladies and Gentlemen,2019-06-17,2019,June,17,Monday,Master of None, Season 1, Ladies and Gentlemen,TV Show
Master of None: Season 1: Nashville,2019-06-17,2019,June,17,Monday,Master of None, Season 1, Nashville,TV Show
Master of None: Season 1: The Other Man,2019-06-17,2019,June,17,Monday,Master of None, Season 1, The Other Man,TV Show
Master of None: Season 1: Indians on TV,2019-06-17,2019,June,17,Monday,Master of None, Season 1, Indians on TV,TV Show
Leila: Season 1: Episode 5,2019-06-17,2019,June,17,Monday,Leila, Season 1, Episode 5,TV Show
Leila: Season 1: Episode 4,2019-06-16,2019,June,16,Sunday,Leila, Season 1, Episode 4,TV Show
Leila: Season 1: Episode 3,2019-06-16,2019,June,16,Sunday,Leila, Season 1, Episode 3,TV Show
Leila: Season 1: Episode 2,2019-06-16,2019,June,16,Sunday,Leila, Season 1, Episode 2,TV Show
Murder Mystery,2019-06-16,2019,June,16,Sunday,Murder Mystery,,,Movie
Bucket List,2019-06-16,2019,June,16,Sunday,Bucket List,,,Movie
Master of None: Season 1: Hot Ticket,2019-06-16,2019,June,16,Sunday,Master of None, Season 1, Hot Ticket,TV Show
Master of None: Season 1: Parents,2019-06-16,2019,June,16,Sunday,Master of None, Season 1, Parents,TV Show
Conan Without Borders: Season 1: Cuba,2019-06-16,2019,June,16,Sunday,Conan Without Borders, Season 1, Cuba,TV Show
Anthony Bourdain: Parts Unknown: Season 3: Mexico,2019-06-15,2019,June,15,Saturday,Anthony Bourdain, Parts Unknown, Season 3: Mexico,TV Show
Anthony Bourdain: Parts Unknown: Season 3: Lyon,2019-06-15,2019,June,15,Saturday,Anthony Bourdain, Parts Unknown, Season 3: Lyon,TV Show
Jane The Virgin: Season 5: Chapter Eighty-Nine,2019-06-15,2019,June,15,Saturday,Jane The Virgin, Season 5, Chapter Eighty-Nine,TV Show
Anthony Bourdain: Parts Unknown: Season 3: Las Vegas,2019-06-14,2019,June,14,Friday,Anthony Bourdain, Parts Unknown, Season 3: Las Vegas,TV Show
Gaga: Five Foot Two,2019-06-14,2019,June,14,Friday,Gaga, Five Foot Two,,TV Show
Rolling Thunder Revue: A Bob Dylan Story by Martin Scorsese,2019-06-14,2019,June,14,Friday,Rolling Thunder Revue, A Bob Dylan Story by Martin Scorsese,,TV Show
Tuca & Bertie: Season 1: The New Bird,2019-06-13,2019,June,13,Thursday,Tuca & Bertie, Season 1, The New Bird,TV Show
Tuca & Bertie: Season 1: Yeast Week,2019-06-13,2019,June,13,Thursday,Tuca & Bertie, Season 1, Yeast Week,TV Show
Anthony Bourdain: Parts Unknown: Season 3: Punjab,2019-06-12,2019,June,12,Wednesday,Anthony Bourdain, Parts Unknown, Season 3: Punjab,TV Show
Tales of the City: Limited Series: Coming Home,2019-06-12,2019,June,12,Wednesday,Tales of the City, Limited Series, Coming Home,TV Show
Always Be My Maybe,2019-06-10,2019,June,10,Monday,Always Be My Maybe,,,Movie
Brooklyn Nine-Nine: Season 6: The Suicide Squad,2019-06-09,2019,June,9,Sunday,Brooklyn Nine-Nine, Season 6, The Suicide Squad,TV Show
Brooklyn Nine-Nine: Season 6: Sicko,2019-06-08,2019,June,8,Saturday,Brooklyn Nine-Nine, Season 6, Sicko,TV Show
Brooklyn Nine-Nine: Season 6: Cinco de Mayo,2019-06-08,2019,June,8,Saturday,Brooklyn Nine-Nine, Season 6, Cinco de Mayo,TV Show
Brooklyn Nine-Nine: Season 6: Return of the King,2019-06-08,2019,June,8,Saturday,Brooklyn Nine-Nine, Season 6, Return of the King,TV Show
Brooklyn Nine-Nine: Season 6: Ticking Clocks,2019-06-08,2019,June,8,Saturday,Brooklyn Nine-Nine, Season 6, Ticking Clocks,TV Show
Chopsticks,2019-06-08,2019,June,8,Saturday,Chopsticks,,,Movie
Brooklyn Nine-Nine: Season 6: The Bimbo,2019-06-07,2019,June,7,Friday,Brooklyn Nine-Nine, Season 6, The Bimbo,TV Show
Brooklyn Nine-Nine: Season 6: Casecation,2019-06-07,2019,June,7,Friday,Brooklyn Nine-Nine, Season 6, Casecation,TV Show
Brooklyn Nine-Nine: Season 6: The Therapist,2019-06-07,2019,June,7,Friday,Brooklyn Nine-Nine, Season 6, The Therapist,TV Show
Brooklyn Nine-Nine: Season 6: Gintars,2019-06-07,2019,June,7,Friday,Brooklyn Nine-Nine, Season 6, Gintars,TV Show
Brooklyn Nine-Nine: Season 6: The Golden Child,2019-06-07,2019,June,7,Friday,Brooklyn Nine-Nine, Season 6, The Golden Child,TV Show
"Brooklyn Nine-Nine: Season 6: He Said, She Said",2019-06-07,2019,June,7,Friday,Brooklyn Nine-Nine, Season 6," He Said, She Said",TV Show
Brooklyn Nine-Nine: Season 6: The Honeypot,2019-06-07,2019,June,7,Friday,Brooklyn Nine-Nine, Season 6, The Honeypot,TV Show
Brooklyn Nine-Nine: Season 6: The Crime Scene,2019-06-07,2019,June,7,Friday,Brooklyn Nine-Nine, Season 6, The Crime Scene,TV Show
Sour Grapes,2019-06-04,2019,June,4,Tuesday,Sour Grapes,,,Movie
Brooklyn Nine-Nine: Season 6: A Tale of Two Bandits,2019-06-01,2019,June,1,Saturday,Brooklyn Nine-Nine, Season 6, A Tale of Two Bandits,TV Show
Brooklyn Nine-Nine: Season 6: Four Movements,2019-06-01,2019,June,1,Saturday,Brooklyn Nine-Nine, Season 6, Four Movements,TV Show
Brooklyn Nine-Nine: Season 6: The Tattler,2019-06-01,2019,June,1,Saturday,Brooklyn Nine-Nine, Season 6, The Tattler,TV Show
Brooklyn Nine-Nine: Season 2: Stakeout,2019-06-01,2019,June,1,Saturday,Brooklyn Nine-Nine, Season 2, Stakeout,TV Show
Lost in Translation,2019-06-01,2019,June,1,Saturday,Lost in Translation,,,Movie
Tuca & Bertie: Season 1: The Open House,2019-06-01,2019,June,1,Saturday,Tuca & Bertie, Season 1, The Open House,TV Show
Mard Ko Dard Nahi Hota,2019-05-31,2019,May,31,Friday,Mard Ko Dard Nahi Hota,,,Movie
BoJack Horseman: Season 5: The Stopped Show,2019-05-31,2019,May,31,Friday,BoJack Horseman, Season 5, The Stopped Show,TV Show
BoJack Horseman: Season 5: The Showstopper,2019-05-31,2019,May,31,Friday,BoJack Horseman, Season 5, The Showstopper,TV Show
BoJack Horseman: Season 5: Head in the Clouds,2019-05-31,2019,May,31,Friday,BoJack Horseman, Season 5, Head in the Clouds,TV Show
BoJack Horseman: Season 5: Ancient History,2019-05-31,2019,May,31,Friday,BoJack Horseman, Season 5, Ancient History,TV Show
BoJack Horseman: Season 5: Mr. Peanutbutter's Boos,2019-05-31,2019,May,31,Friday,BoJack Horseman, Season 5, Mr. Peanutbutter's Boos,TV Show
BoJack Horseman: Season 5: INT. SUB,2019-05-30,2019,May,30,Thursday,BoJack Horseman, Season 5, INT. SUB,TV Show
BoJack Horseman: Season 5: The Amelia Earhart Story,2019-05-27,2019,May,27,Monday,BoJack Horseman, Season 5, The Amelia Earhart Story,TV Show
BoJack Horseman: Season 5: BoJack the Feminist,2019-05-27,2019,May,27,Monday,BoJack Horseman, Season 5, BoJack the Feminist,TV Show
BoJack Horseman: Season 5: Planned Obsolescence,2019-05-27,2019,May,27,Monday,BoJack Horseman, Season 5, Planned Obsolescence,TV Show
BoJack Horseman: Season 5: The Dog Days Are Over,2019-05-27,2019,May,27,Monday,BoJack Horseman, Season 5, The Dog Days Are Over,TV Show
BoJack Horseman: Season 5: The Light Bulb Scene,2019-05-27,2019,May,27,Monday,BoJack Horseman, Season 5, The Light Bulb Scene,TV Show
BoJack Horseman: Season 4: What Time Is It Right Now,2019-05-27,2019,May,27,Monday,BoJack Horseman, Season 4, What Time Is It Right Now,TV Show
BoJack Horseman: Season 4: Time's Arrow,2019-05-26,2019,May,26,Sunday,BoJack Horseman, Season 4, Time's Arrow,TV Show
BoJack Horseman: Season 4: lovin that cali lifestyle!!,2019-05-26,2019,May,26,Sunday,BoJack Horseman, Season 4, lovin that cali lifestyle!!,TV Show
BoJack Horseman: Season 4: Ruthie,2019-05-26,2019,May,26,Sunday,BoJack Horseman, Season 4, Ruthie,TV Show
BoJack Horseman: Season 4: The Judge,2019-05-26,2019,May,26,Sunday,BoJack Horseman, Season 4, The Judge,TV Show
BoJack Horseman: Season 4: Underground,2019-05-24,2019,May,24,Friday,BoJack Horseman, Season 4, Underground,TV Show
BoJack Horseman: Season 4: Stupid Piece of Sh*t,2019-05-24,2019,May,24,Friday,BoJack Horseman, Season 4, Stupid Piece of Sh*t,TV Show
BoJack Horseman Christmas Special: Sabrina's Christmas Wish,2019-05-24,2019,May,24,Friday,BoJack Horseman Christmas Special, Sabrina's Christmas Wish,,TV Show
BoJack Horseman: Season 4: Thoughts and Prayers,2019-05-23,2019,May,23,Thursday,BoJack Horseman, Season 4, Thoughts and Prayers,TV Show
BoJack Horseman: Season 4: Commence Fracking,2019-05-23,2019,May,23,Thursday,BoJack Horseman, Season 4, Commence Fracking,TV Show
BoJack Horseman: Season 4: Hooray! Todd Episode!,2019-05-23,2019,May,23,Thursday,BoJack Horseman, Season 4, Hooray! Todd Episode!,TV Show
BoJack Horseman: Season 4: The Old Sugarman Place,2019-05-23,2019,May,23,Thursday,BoJack Horseman, Season 4, The Old Sugarman Place,TV Show
BoJack Horseman: Season 4: See Mr. Peanutbutter Run,2019-05-22,2019,May,22,Wednesday,BoJack Horseman, Season 4, See Mr. Peanutbutter Run,TV Show
BoJack Horseman: Season 3: That Went Well,2019-05-22,2019,May,22,Wednesday,BoJack Horseman, Season 3, That Went Well,TV Show
"BoJack Horseman: Season 3: That's Too Much, Man!",2019-05-22,2019,May,22,Wednesday,BoJack Horseman, Season 3," That's Too Much, Man!",TV Show
BoJack Horseman: Season 3: It's You,2019-05-21,2019,May,21,Tuesday,BoJack Horseman, Season 3, It's You,TV Show
BoJack Horseman: Season 3: Best Thing That Ever Happened,2019-05-21,2019,May,21,Tuesday,BoJack Horseman, Season 3, Best Thing That Ever Happened,TV Show
BoJack Horseman: Season 3: Old Acquaintance,2019-05-21,2019,May,21,Tuesday,BoJack Horseman, Season 3, Old Acquaintance,TV Show
BoJack Horseman: Season 3: Stop the Presses,2019-05-20,2019,May,20,Monday,BoJack Horseman, Season 3, Stop the Presses,TV Show
BoJack Horseman: Season 3: Brrap Brrap Pew Pew,2019-05-20,2019,May,20,Monday,BoJack Horseman, Season 3, Brrap Brrap Pew Pew,TV Show
BoJack Horseman: Season 3: Love And/Or Marriage,2019-05-20,2019,May,20,Monday,BoJack Horseman, Season 3, Love And/Or Marriage,TV Show
BoJack Horseman: Season 3: Fish Out Of Water,2019-05-20,2019,May,20,Monday,BoJack Horseman, Season 3, Fish Out Of Water,TV Show
BoJack Horseman: Season 3: BoJack Kills,2019-05-20,2019,May,20,Monday,BoJack Horseman, Season 3, BoJack Kills,TV Show
BoJack Horseman: Season 3: The BoJack Horseman Show,2019-05-20,2019,May,20,Monday,BoJack Horseman, Season 3, The BoJack Horseman Show,TV Show
BoJack Horseman: Season 3: Start Spreading the News,2019-05-20,2019,May,20,Monday,BoJack Horseman, Season 3, Start Spreading the News,TV Show
BoJack Horseman: Season 2: Out to Sea,2019-05-19,2019,May,19,Sunday,BoJack Horseman, Season 2, Out to Sea,TV Show
BoJack Horseman: Season 2: Escape from L.A.,2019-05-19,2019,May,19,Sunday,BoJack Horseman, Season 2, Escape from L.A.,TV Show
BoJack Horseman: Season 2: Yes And,2019-05-18,2019,May,18,Saturday,BoJack Horseman, Season 2, Yes And,TV Show
BoJack Horseman: Season 2: The Shot,2019-05-18,2019,May,18,Saturday,BoJack Horseman, Season 2, The Shot,TV Show
BoJack Horseman: Season 2: Let's Find Out,2019-05-18,2019,May,18,Saturday,BoJack Horseman, Season 2, Let's Find Out,TV Show
BoJack Horseman: Season 2: Hank After Dark,2019-05-18,2019,May,18,Saturday,BoJack Horseman, Season 2, Hank After Dark,TV Show
BoJack Horseman: Season 2: Higher Love,2019-05-18,2019,May,18,Saturday,BoJack Horseman, Season 2, Higher Love,TV Show
BoJack Horseman: Season 2: Chickens,2019-05-17,2019,May,17,Friday,BoJack Horseman, Season 2, Chickens,TV Show
BoJack Horseman: Season 2: After the Party,2019-05-17,2019,May,17,Friday,BoJack Horseman, Season 2, After the Party,TV Show
BoJack Horseman: Season 2: Still Broken,2019-05-15,2019,May,15,Wednesday,BoJack Horseman, Season 2, Still Broken,TV Show
BoJack Horseman: Season 2: Yesterdayland,2019-05-15,2019,May,15,Wednesday,BoJack Horseman, Season 2, Yesterdayland,TV Show
BoJack Horseman: Season 2: Brand New Couch,2019-05-15,2019,May,15,Wednesday,BoJack Horseman, Season 2, Brand New Couch,TV Show
BoJack Horseman: Season 1: Later,2019-05-14,2019,May,14,Tuesday,BoJack Horseman, Season 1, Later,TV Show
BoJack Horseman: Season 1: Downer Ending,2019-05-14,2019,May,14,Tuesday,BoJack Horseman, Season 1, Downer Ending,TV Show
BoJack Horseman: Season 1: One Trick Pony,2019-05-14,2019,May,14,Tuesday,BoJack Horseman, Season 1, One Trick Pony,TV Show
BoJack Horseman: Season 1: Horse Majeure,2019-05-14,2019,May,14,Tuesday,BoJack Horseman, Season 1, Horse Majeure,TV Show
BoJack Horseman: Season 1: The Telescope,2019-05-14,2019,May,14,Tuesday,BoJack Horseman, Season 1, The Telescope,TV Show
Someone Great,2019-05-14,2019,May,14,Tuesday,Someone Great,,,Movie
Tuca & Bertie: Season 1: Plumage,2019-05-13,2019,May,13,Monday,Tuca & Bertie, Season 1, Plumage,TV Show
Tuca & Bertie: Season 1: The Sex Bugs,2019-05-13,2019,May,13,Monday,Tuca & Bertie, Season 1, The Sex Bugs,TV Show
Tuca & Bertie: Season 1: The Deli Guy,2019-05-13,2019,May,13,Monday,Tuca & Bertie, Season 1, The Deli Guy,TV Show
Tuca & Bertie: Season 1: The Sugar Bowl,2019-05-13,2019,May,13,Monday,Tuca & Bertie, Season 1, The Sugar Bowl,TV Show
BoJack Horseman: Season 1: Say Anything,2019-05-13,2019,May,13,Monday,BoJack Horseman, Season 1, Say Anything,TV Show
BoJack Horseman: Season 1: Our A-Story Is a 'D' Story,2019-05-13,2019,May,13,Monday,BoJack Horseman, Season 1, Our A-Story Is a 'D' Story,TV Show
"BoJack Horseman: Season 1: Live Fast, Diane Nguyen",2019-05-12,2019,May,12,Sunday,BoJack Horseman, Season 1," Live Fast, Diane Nguyen",TV Show
BoJack Horseman: Season 1: Zoës and Zeldas,2019-05-12,2019,May,12,Sunday,BoJack Horseman, Season 1, Zoës and Zeldas,TV Show
BoJack Horseman: Season 1: Prickly-Muffin,2019-05-12,2019,May,12,Sunday,BoJack Horseman, Season 1, Prickly-Muffin,TV Show
BoJack Horseman: Season 1: BoJack Hates the Troops,2019-05-12,2019,May,12,Sunday,BoJack Horseman, Season 1, BoJack Hates the Troops,TV Show
"BoJack Horseman: Season 1: BoJack Horseman: The BoJack Horseman Story, Chapter One",2019-05-12,2019,May,12,Sunday,BoJack Horseman, Season 1," BoJack Horseman: The BoJack Horseman Story, Chapter One",TV Show
Jane The Virgin: Season 5: Chapter Eighty-Eight,2019-05-11,2019,May,11,Saturday,Jane The Virgin, Season 5, Chapter Eighty-Eight,TV Show
Jane The Virgin: Season 5: Chapter Eighty-Seven,2019-05-10,2019,May,10,Friday,Jane The Virgin, Season 5, Chapter Eighty-Seven,TV Show
Jane The Virgin: Season 5: Chapter Eighty-Six,2019-05-10,2019,May,10,Friday,Jane The Virgin, Season 5, Chapter Eighty-Six,TV Show
Jane The Virgin: Season 5: Chapter Eighty-Five,2019-05-09,2019,May,9,Thursday,Jane The Virgin, Season 5, Chapter Eighty-Five,TV Show
Jane The Virgin: Season 5: Chapter Eighty-Four,2019-05-08,2019,May,8,Wednesday,Jane The Virgin, Season 5, Chapter Eighty-Four,TV Show
Knock Down The House,2019-05-04,2019,May,4,Saturday,Knock Down The House,,,Movie
Pulp Fiction,2019-04-28,2019,April,28,Sunday,Pulp Fiction,,,Movie
Fury,2019-04-28,2019,April,28,Sunday,Fury,,,Movie
Kill Bill: Vol. 1,2019-04-28,2019,April,28,Sunday,Kill Bill, Vol. 1,,TV Show
Ex Machina,2019-04-26,2019,April,26,Friday,Ex Machina,,,Movie
The Boy Who Harnessed the Wind,2019-04-26,2019,April,26,Friday,The Boy Who Harnessed the Wind,,,Movie
Chef's Table: Volume 6: Asma Khan,2019-04-22,2019,April,22,Monday,Chef's Table, Volume 6, Asma Khan,TV Show
The Creative Brain,2019-04-19,2019,April,19,Friday,The Creative Brain,,,Movie
Brown Nation: Season 1: Farewell Papaji,2019-04-19,2019,April,19,Friday,Brown Nation, Season 1, Farewell Papaji,TV Show
Call My Agent!: Season 3: ASK,2019-04-19,2019,April,19,Friday,Call My Agent!, Season 3, ASK,TV Show
Call My Agent!: Season 3: Béatrice,2019-04-19,2019,April,19,Friday,Call My Agent!, Season 3, Béatrice,TV Show
Call My Agent!: Season 3: Isabelle,2019-04-19,2019,April,19,Friday,Call My Agent!, Season 3, Isabelle,TV Show
Call My Agent!: Season 3: Gérard,2019-04-19,2019,April,19,Friday,Call My Agent!, Season 3, Gérard,TV Show
Call My Agent!: Season 3: Monica,2019-04-19,2019,April,19,Friday,Call My Agent!, Season 3, Monica,TV Show
Call My Agent!: Season 3: Jean,2019-04-18,2019,April,18,Thursday,Call My Agent!, Season 3, Jean,TV Show
Call My Agent!: Season 2: Juliette,2019-04-18,2019,April,18,Thursday,Call My Agent!, Season 2, Juliette,TV Show
Call My Agent!: Season 2: Guy,2019-04-18,2019,April,18,Thursday,Call My Agent!, Season 2, Guy,TV Show
HOMECOMING: A film by Beyoncé,2019-04-18,2019,April,18,Thursday,HOMECOMING, A film by Beyoncé,,TV Show
Call My Agent!: Season 2: Isabelle,2019-04-18,2019,April,18,Thursday,Call My Agent!, Season 2, Isabelle,TV Show
Call My Agent!: Season 2: Norman,2019-04-18,2019,April,18,Thursday,Call My Agent!, Season 2, Norman,TV Show
Call My Agent!: Season 2: Fabrice Luchini,2019-04-18,2019,April,18,Thursday,Call My Agent!, Season 2, Fabrice Luchini,TV Show
Call My Agent!: Season 2: Virginie and Ramzy,2019-04-18,2019,April,18,Thursday,Call My Agent!, Season 2, Virginie and Ramzy,TV Show
Call My Agent!: Season 1: François,2019-04-18,2019,April,18,Thursday,Call My Agent!, Season 1, François,TV Show
Call My Agent!: Season 1: Julie and Joey,2019-04-18,2019,April,18,Thursday,Call My Agent!, Season 1, Julie and Joey,TV Show
Call My Agent!: Season 1: Audrey,2019-04-18,2019,April,18,Thursday,Call My Agent!, Season 1, Audrey,TV Show
Call My Agent!: Season 1: Nathalie and Laura,2019-04-17,2019,April,17,Wednesday,Call My Agent!, Season 1, Nathalie and Laura,TV Show
Call My Agent!: Season 1: Line and Françoise,2019-04-17,2019,April,17,Wednesday,Call My Agent!, Season 1, Line and Françoise,TV Show
Call My Agent!: Season 1: Cécile,2019-04-17,2019,April,17,Wednesday,Call My Agent!, Season 1, Cécile,TV Show
Chef's Table: Volume 6: Mashama Bailey,2019-04-16,2019,April,16,Tuesday,Chef's Table, Volume 6, Mashama Bailey,TV Show
Chef's Table: Volume 6: Sean Brock,2019-04-15,2019,April,15,Monday,Chef's Table, Volume 6, Sean Brock,TV Show
Chef's Table: Volume 6: Dario Cecchini,2019-04-14,2019,April,14,Sunday,Chef's Table, Volume 6, Dario Cecchini,TV Show
The Calling: Season 1: Episode 1,2019-04-14,2019,April,14,Sunday,The Calling, Season 1, Episode 1,TV Show
Ek Ladki Ko Dekha Toh Aisa Laga,2019-04-14,2019,April,14,Sunday,Ek Ladki Ko Dekha Toh Aisa Laga,,,Movie
Kevin Hart: Irresponsible,2019-04-06,2019,April,6,Saturday,Kevin Hart, Irresponsible,,TV Show
Jane The Virgin: Season 5: Chapter Eighty-Three,2019-04-04,2019,April,4,Thursday,Jane The Virgin, Season 5, Chapter Eighty-Three,TV Show
Jane The Virgin: Season 5: Chapter Eighty-Two,2019-04-04,2019,April,4,Thursday,Jane The Virgin, Season 5, Chapter Eighty-Two,TV Show
Marvel's Jessica Jones: Season 2: AKA Playland,2019-03-30,2019,March,30,Saturday,Marvel's Jessica Jones, Season 2, AKA Playland,TV Show
Marvel's Jessica Jones: Season 2: AKA Pray for My Patsy,2019-03-30,2019,March,30,Saturday,Marvel's Jessica Jones, Season 2, AKA Pray for My Patsy,TV Show
Marvel's Jessica Jones: Season 2: AKA Three Lives and Counting,2019-03-29,2019,March,29,Friday,Marvel's Jessica Jones, Season 2, AKA Three Lives and Counting,TV Show
Marvel's Jessica Jones: Season 2: AKA Pork Chop,2019-03-29,2019,March,29,Friday,Marvel's Jessica Jones, Season 2, AKA Pork Chop,TV Show
India's Frontier Railways: Season 1: The Samjhauta Express,2019-03-28,2019,March,28,Thursday,India's Frontier Railways, Season 1, The Samjhauta Express,TV Show
"Marvel's Jessica Jones: Season 2: AKA Shark in the Bathtub, Monster in the Bed",2019-03-25,2019,March,25,Monday,Marvel's Jessica Jones, Season 2," AKA Shark in the Bathtub, Monster in the Bed",TV Show
Marvel's Jessica Jones: Season 2: AKA Ain’t We Got Fun,2019-03-25,2019,March,25,Monday,Marvel's Jessica Jones, Season 2, AKA Ain’t We Got Fun,TV Show
Marvel's Jessica Jones: Season 2: AKA I Want Your Cray Cray,2019-03-25,2019,March,25,Monday,Marvel's Jessica Jones, Season 2, AKA I Want Your Cray Cray,TV Show
Marvel's Jessica Jones: Season 2: AKA Facetime,2019-03-24,2019,March,24,Sunday,Marvel's Jessica Jones, Season 2, AKA Facetime,TV Show
Girl,2019-03-24,2019,March,24,Sunday,Girl,,,Movie
Marvel's Jessica Jones: Season 2: AKA The Octopus,2019-03-23,2019,March,23,Saturday,Marvel's Jessica Jones, Season 2, AKA The Octopus,TV Show
Marvel's Jessica Jones: Season 2: AKA God Help the Hobo,2019-03-23,2019,March,23,Saturday,Marvel's Jessica Jones, Season 2, AKA God Help the Hobo,TV Show
Marvel's Jessica Jones: Season 2: AKA Sole Survivor,2019-03-23,2019,March,23,Saturday,Marvel's Jessica Jones, Season 2, AKA Sole Survivor,TV Show
India's Frontier Railways: Season 1: Maitree Express,2019-03-23,2019,March,23,Saturday,India's Frontier Railways, Season 1, Maitree Express,TV Show
Marvel's Jessica Jones: Season 2: AKA Freak Accident,2019-03-21,2019,March,21,Thursday,Marvel's Jessica Jones, Season 2, AKA Freak Accident,TV Show
Marvel's Jessica Jones: Season 2: AKA Start at the Beginning,2019-03-17,2019,March,17,Sunday,Marvel's Jessica Jones, Season 2, AKA Start at the Beginning,TV Show
Marvel's Jessica Jones: Season 1: AKA Smile,2019-03-17,2019,March,17,Sunday,Marvel's Jessica Jones, Season 1, AKA Smile,TV Show
Marvel's Jessica Jones: Season 1: AKA Take a Bloody Number,2019-03-16,2019,March,16,Saturday,Marvel's Jessica Jones, Season 1, AKA Take a Bloody Number,TV Show
Marvel's Jessica Jones: Season 1: AKA I've Got the Blues,2019-03-14,2019,March,14,Thursday,Marvel's Jessica Jones, Season 1, AKA I've Got the Blues,TV Show
"Marvel's Jessica Jones: Season 1: AKA 1,000 Cuts",2019-03-14,2019,March,14,Thursday,Marvel's Jessica Jones, Season 1," AKA 1,000 Cuts",TV Show
Marvel's Jessica Jones: Season 1: AKA Sin Bin,2019-03-09,2019,March,9,Saturday,Marvel's Jessica Jones, Season 1, AKA Sin Bin,TV Show
Marvel's Jessica Jones: Season 1: AKA WWJD?,2019-03-09,2019,March,9,Saturday,Marvel's Jessica Jones, Season 1, AKA WWJD?,TV Show
Marvel's Jessica Jones: Season 1: AKA Top Shelf Perverts,2019-03-09,2019,March,9,Saturday,Marvel's Jessica Jones, Season 1, AKA Top Shelf Perverts,TV Show
Heal,2019-03-09,2019,March,9,Saturday,Heal,,,Movie
Marvel's Jessica Jones: Season 1: AKA You're a Winner!,2019-03-04,2019,March,4,Monday,Marvel's Jessica Jones, Season 1, AKA You're a Winner!,TV Show
Marvel's Jessica Jones: Season 1: AKA The Sandwich Saved Me,2019-03-04,2019,March,4,Monday,Marvel's Jessica Jones, Season 1, AKA The Sandwich Saved Me,TV Show
Marvel's Jessica Jones: Season 1: AKA 99 Friends,2019-03-04,2019,March,4,Monday,Marvel's Jessica Jones, Season 1, AKA 99 Friends,TV Show
Chef's Table: Volume 1: Francis Mallmann,2019-02-23,2019,February,23,Saturday,Chef's Table, Volume 1, Francis Mallmann,TV Show
Chef's Table: Volume 1: Dan Barber,2019-02-23,2019,February,23,Saturday,Chef's Table, Volume 1, Dan Barber,TV Show
Dating Around: Season 1: Lex,2019-02-19,2019,February,19,Tuesday,Dating Around, Season 1, Lex,TV Show
Dating Around: Season 1: Gurki,2019-02-19,2019,February,19,Tuesday,Dating Around, Season 1, Gurki,TV Show
Dating Around: Season 1: Luke,2019-02-19,2019,February,19,Tuesday,Dating Around, Season 1, Luke,TV Show
Workin' Moms: Season 2: Look Back,2019-02-17,2019,February,17,Sunday,Workin' Moms, Season 2, Look Back,TV Show
Workin' Moms: Season 2: If Women Had to Give Birth,2019-02-17,2019,February,17,Sunday,Workin' Moms, Season 2, If Women Had to Give Birth,TV Show
Workin' Moms: Season 2: Trash Panda,2019-02-17,2019,February,17,Sunday,Workin' Moms, Season 2, Trash Panda,TV Show
Workin' Moms: Season 2: Cuck,2019-02-16,2019,February,16,Saturday,Workin' Moms, Season 2, Cuck,TV Show
Workin' Moms: Season 2: Spirit Animal,2019-02-16,2019,February,16,Saturday,Workin' Moms, Season 2, Spirit Animal,TV Show
Workin' Moms: Season 2: Red Handed,2019-02-16,2019,February,16,Saturday,Workin' Moms, Season 2, Red Handed,TV Show
Workin' Moms: Season 2: Retreat,2019-02-16,2019,February,16,Saturday,Workin' Moms, Season 2, Retreat,TV Show
Workin' Moms: Season 2: Shame Spiral,2019-02-16,2019,February,16,Saturday,Workin' Moms, Season 2, Shame Spiral,TV Show
Workin' Moms: Season 2: Consent,2019-02-16,2019,February,16,Saturday,Workin' Moms, Season 2, Consent,TV Show
Workin' Moms: Season 2: The Holy Hole,2019-02-16,2019,February,16,Saturday,Workin' Moms, Season 2, The Holy Hole,TV Show
Flavorful Origins: Chaoshan Cuisine: Hu Tieu,2019-02-13,2019,February,13,Wednesday,Flavorful Origins, Chaoshan Cuisine, Hu Tieu,TV Show
Flavorful Origins: Chaoshan Cuisine: Olives,2019-02-13,2019,February,13,Wednesday,Flavorful Origins, Chaoshan Cuisine, Olives,TV Show
Workin' Moms: Season 2: The Sign,2019-02-13,2019,February,13,Wednesday,Workin' Moms, Season 2, The Sign,TV Show
Workin' Moms: Season 2: Good Mom,2019-02-13,2019,February,13,Wednesday,Workin' Moms, Season 2, Good Mom,TV Show
Workin' Moms: Season 2: 2005,2019-02-13,2019,February,13,Wednesday,Workin' Moms, Season 2, 2005,TV Show
Workin' Moms: Season 1: Finale,2019-02-13,2019,February,13,Wednesday,Workin' Moms, Season 1, Finale,TV Show
Workin' Moms: Season 1: Merde,2019-02-13,2019,February,13,Wednesday,Workin' Moms, Season 1, Merde,TV Show
Workin' Moms: Season 1: Bye Bye Kate,2019-02-13,2019,February,13,Wednesday,Workin' Moms, Season 1, Bye Bye Kate,TV Show
Workin' Moms: Season 1: The Coxswain,2019-02-13,2019,February,13,Wednesday,Workin' Moms, Season 1, The Coxswain,TV Show
Workin' Moms: Season 1: Tricky Nipple,2019-02-13,2019,February,13,Wednesday,Workin' Moms, Season 1, Tricky Nipple,TV Show
Workin' Moms: Season 1: Popsicle and a Hoop Earring,2019-02-12,2019,February,12,Tuesday,Workin' Moms, Season 1, Popsicle and a Hoop Earring,TV Show
Workin' Moms: Season 1: Phoenix Rising,2019-02-12,2019,February,12,Tuesday,Workin' Moms, Season 1, Phoenix Rising,TV Show
Workin' Moms: Season 1: The Wolf and the Rabbit,2019-02-12,2019,February,12,Tuesday,Workin' Moms, Season 1, The Wolf and the Rabbit,TV Show
Workin' Moms: Season 1: Sophie's Choice-ish,2019-02-12,2019,February,12,Tuesday,Workin' Moms, Season 1, Sophie's Choice-ish,TV Show
Workin' Moms: Season 1: Bad Help,2019-02-12,2019,February,12,Tuesday,Workin' Moms, Season 1, Bad Help,TV Show
Workin' Moms: Season 1: Fem Card,2019-02-12,2019,February,12,Tuesday,Workin' Moms, Season 1, Fem Card,TV Show
Workin' Moms: Season 1: Rules,2019-02-12,2019,February,12,Tuesday,Workin' Moms, Season 1, Rules,TV Show
Russian Doll: Season 1: Ariadne,2019-02-08,2019,February,8,Friday,Russian Doll, Season 1, Ariadne,TV Show
Russian Doll: Season 1: The Way Out,2019-02-08,2019,February,8,Friday,Russian Doll, Season 1, The Way Out,TV Show
Russian Doll: Season 1: Reflection,2019-02-08,2019,February,8,Friday,Russian Doll, Season 1, Reflection,TV Show
Russian Doll: Season 1: Superiority Complex,2019-02-08,2019,February,8,Friday,Russian Doll, Season 1, Superiority Complex,TV Show
Russian Doll: Season 1: Alan's Routine,2019-02-08,2019,February,8,Friday,Russian Doll, Season 1, Alan's Routine,TV Show
Russian Doll: Season 1: A Warm Body,2019-02-08,2019,February,8,Friday,Russian Doll, Season 1, A Warm Body,TV Show
Russian Doll: Season 1: The Great Escape,2019-02-07,2019,February,7,Thursday,Russian Doll, Season 1, The Great Escape,TV Show
Russian Doll: Season 1: Nothing in This World Is Easy,2019-02-07,2019,February,7,Thursday,Russian Doll, Season 1, Nothing in This World Is Easy,TV Show
Workin' Moms: Season 1: Pilot,2019-02-07,2019,February,7,Thursday,Workin' Moms, Season 1, Pilot,TV Show
Friends from College: Season 2: The Wedding,2019-02-05,2019,February,5,Tuesday,Friends from College, Season 2, The Wedding,TV Show
Friends from College: Season 2: Fireworks,2019-02-05,2019,February,5,Tuesday,Friends from College, Season 2, Fireworks,TV Show
Friends from College: Season 2: Free Fall,2019-02-04,2019,February,4,Monday,Friends from College, Season 2, Free Fall,TV Show
Friends from College: Season 2: Old Habits,2019-02-04,2019,February,4,Monday,Friends from College, Season 2, Old Habits,TV Show
Friends from College: Season 2: The Bachelor Party,2019-02-04,2019,February,4,Monday,Friends from College, Season 2, The Bachelor Party,TV Show
Friends from College: Season 2: Out All Night,2019-02-04,2019,February,4,Monday,Friends from College, Season 2, Out All Night,TV Show
Friends from College: Season 2: Storage Unit,2019-02-04,2019,February,4,Monday,Friends from College, Season 2, Storage Unit,TV Show
Friends from College: Season 2: The Engagement Party,2019-02-02,2019,February,2,Saturday,Friends from College, Season 2, The Engagement Party,TV Show
Friends from College: Season 1: A Night of Surprises,2019-02-02,2019,February,2,Saturday,Friends from College, Season 1, A Night of Surprises,TV Show
Friends from College: Season 1: Grand Cayman,2019-02-02,2019,February,2,Saturday,Friends from College, Season 1, Grand Cayman,TV Show
Friends from College: Season 1: Second Wedding,2019-02-02,2019,February,2,Saturday,Friends from College, Season 1, Second Wedding,TV Show
Friends from College: Season 1: Party Bus,2019-02-02,2019,February,2,Saturday,Friends from College, Season 1, Party Bus,TV Show
Friends from College: Season 1: Mission Impossible,2019-01-31,2019,January,31,Thursday,Friends from College, Season 1, Mission Impossible,TV Show
Friends from College: Season 1: All-Nighter,2019-01-31,2019,January,31,Thursday,Friends from College, Season 1, All-Nighter,TV Show
A Series of Unfortunate Events: Season 1: The Reptile Room: Part Two,2019-01-28,2019,January,28,Monday,A Series of Unfortunate Events, Season 1, The Reptile Room: Part Two,TV Show
A Series of Unfortunate Events: Season 1: The Wide Window: Part One,2019-01-28,2019,January,28,Monday,A Series of Unfortunate Events, Season 1, The Wide Window: Part One,TV Show
Anthony Bourdain: Parts Unknown: Season 1: Tangier (Morocco),2019-01-28,2019,January,28,Monday,Anthony Bourdain, Parts Unknown, Season 1: Tangier (Morocco),TV Show
Anthony Bourdain: Parts Unknown: Season 1: Quebec,2019-01-26,2019,January,26,Saturday,Anthony Bourdain, Parts Unknown, Season 1: Quebec,TV Show
Anthony Bourdain: Parts Unknown: Season 1: Myanmar,2019-01-26,2019,January,26,Saturday,Anthony Bourdain, Parts Unknown, Season 1: Myanmar,TV Show
Anthony Bourdain: Parts Unknown: Season 1: Colombia,2019-01-26,2019,January,26,Saturday,Anthony Bourdain, Parts Unknown, Season 1: Colombia,TV Show
Sex Education: Season 1: Episode 8,2019-01-26,2019,January,26,Saturday,Sex Education, Season 1, Episode 8,TV Show
Sex Education: Season 1: Episode 7,2019-01-26,2019,January,26,Saturday,Sex Education, Season 1, Episode 7,TV Show
Sex Education: Season 1: Episode 6,2019-01-26,2019,January,26,Saturday,Sex Education, Season 1, Episode 6,TV Show
Sex Education: Season 1: Episode 5,2019-01-25,2019,January,25,Friday,Sex Education, Season 1, Episode 5,TV Show
Sex Education: Season 1: Episode 4,2019-01-25,2019,January,25,Friday,Sex Education, Season 1, Episode 4,TV Show
Sex Education: Season 1: Episode 3,2019-01-25,2019,January,25,Friday,Sex Education, Season 1, Episode 3,TV Show
Sex Education: Season 1: Episode 2,2019-01-25,2019,January,25,Friday,Sex Education, Season 1, Episode 2,TV Show
Sex Education: Season 1: Episode 1,2019-01-25,2019,January,25,Friday,Sex Education, Season 1, Episode 1,TV Show
Conversations with a Killer: The Ted Bundy Tapes: Limited Series: Handsome Devil,2019-01-25,2019,January,25,Friday,Conversations with a Killer, The Ted Bundy Tapes, Limited Series: Handsome Devil,TV Show
Anthony Bourdain: Parts Unknown: Season 1: Los Angeles (Koreatown),2019-01-23,2019,January,23,Wednesday,Anthony Bourdain, Parts Unknown, Season 1: Los Angeles (Koreatown),TV Show
Ugly Delicious: Season 1: Pizza,2019-01-23,2019,January,23,Wednesday,Ugly Delicious, Season 1, Pizza,TV Show
You: Season 1: Bluebeard's Castle,2019-01-22,2019,January,22,Tuesday,You, Season 1, Bluebeard's Castle,TV Show
You: Season 1: Candace,2019-01-22,2019,January,22,Tuesday,You, Season 1, Candace,TV Show
"You: Season 1: You Got Me, Babe",2019-01-22,2019,January,22,Tuesday,You, Season 1," You Got Me, Babe",TV Show
You: Season 1: Everythingship,2019-01-22,2019,January,22,Tuesday,You, Season 1, Everythingship,TV Show
You: Season 1: Amour Fou,2019-01-21,2019,January,21,Monday,You, Season 1, Amour Fou,TV Show
You: Season 1: Living with the Enemy,2019-01-21,2019,January,21,Monday,You, Season 1, Living with the Enemy,TV Show
You: Season 1: The Captain,2019-01-21,2019,January,21,Monday,You, Season 1, The Captain,TV Show
You: Season 1: Maybe,2019-01-14,2019,January,14,Monday,You, Season 1, Maybe,TV Show
You: Season 1: The Last Nice Guy in New York,2019-01-14,2019,January,14,Monday,You, Season 1, The Last Nice Guy in New York,TV Show
You: Season 1: Pilot,2019-01-13,2019,January,13,Sunday,You, Season 1, Pilot,TV Show
The Ballad of Buster Scruggs,2019-01-07,2019,January,7,Monday,The Ballad of Buster Scruggs,,,Movie
COMEDIANS of the world: Canada (EN): Ivan Decker,2019-01-04,2019,January,4,Friday,COMEDIANS of the world, Canada (EN), Ivan Decker,TV Show
COMEDIANS of the world: Canada (EN): DeAnne Smith,2019-01-04,2019,January,4,Friday,COMEDIANS of the world, Canada (EN), DeAnne Smith,TV Show
Black Mirror: Bandersnatch,2019-01-04,2019,January,4,Friday,Black Mirror, Bandersnatch,,TV Show
Brooklyn Nine-Nine: Season 2: The Pontiac Bandit Returns,2019-01-01,2019,January,1,Tuesday,Brooklyn Nine-Nine, Season 2, The Pontiac Bandit Returns,TV Show
Brooklyn Nine-Nine: Season 1: The Tagger,2019-01-01,2019,January,1,Tuesday,Brooklyn Nine-Nine, Season 1, The Tagger,TV Show
Brooklyn Nine-Nine: Season 1: Pilot,2019-01-01,2019,January,1,Tuesday,Brooklyn Nine-Nine, Season 1, Pilot,TV Show
Tidying Up with Marie Kondo: Season 1: The Downsizers,2019-01-01,2019,January,1,Tuesday,Tidying Up with Marie Kondo, Season 1, The Downsizers,TV Show
Tidying Up with Marie Kondo: Season 1: Empty Nesters,2019-01-01,2019,January,1,Tuesday,Tidying Up with Marie Kondo, Season 1, Empty Nesters,TV Show
Bodyguard: Season 1: Episode 6,2018-12-28,2018,December,28,Friday,Bodyguard, Season 1, Episode 6,TV Show
Bodyguard: Season 1: Episode 5,2018-12-28,2018,December,28,Friday,Bodyguard, Season 1, Episode 5,TV Show
Bodyguard: Season 1: Episode 4,2018-12-28,2018,December,28,Friday,Bodyguard, Season 1, Episode 4,TV Show
Bodyguard: Season 1: Episode 3,2018-12-27,2018,December,27,Thursday,Bodyguard, Season 1, Episode 3,TV Show
Bodyguard: Season 1: Episode 2,2018-12-27,2018,December,27,Thursday,Bodyguard, Season 1, Episode 2,TV Show
Bodyguard: Season 1: Episode 1,2018-12-27,2018,December,27,Thursday,Bodyguard, Season 1, Episode 1,TV Show
Bird Box,2018-12-26,2018,December,26,Wednesday,Bird Box,,,Movie
Sense8: Season 1: Limbic Resonance,2018-12-26,2018,December,26,Wednesday,Sense8, Season 1, Limbic Resonance,TV Show
Sense8: Season 2: Amor Vincit Omnia,2018-12-26,2018,December,26,Wednesday,Sense8, Season 2, Amor Vincit Omnia,TV Show
Sense8: Season 2: You Want a War?,2018-12-26,2018,December,26,Wednesday,Sense8, Season 2, You Want a War?,TV Show
"Sense8: Season 2: If All the World's a Stage, Identity Is Nothing But a Costume",2018-12-26,2018,December,26,Wednesday,Sense8, Season 2," If All the World's a Stage, Identity Is Nothing But a Costume",TV Show
Sense8: Season 2: What Family Actually Means,2018-12-26,2018,December,26,Wednesday,Sense8, Season 2, What Family Actually Means,TV Show
Sense8: Season 2: All I Want Right Now Is One More Bullet,2018-12-26,2018,December,26,Wednesday,Sense8, Season 2, All I Want Right Now Is One More Bullet,TV Show
Sense8: Season 2: I Have No Room In My Heart For Hate,2018-12-24,2018,December,24,Monday,Sense8, Season 2, I Have No Room In My Heart For Hate,TV Show
"Sense8: Season 2: Isolated Above, Connected Below",2018-12-23,2018,December,23,Sunday,Sense8, Season 2," Isolated Above, Connected Below",TV Show
Sense8: Season 2: Fear Never Fixed Anything,2018-12-22,2018,December,22,Saturday,Sense8, Season 2, Fear Never Fixed Anything,TV Show
Sense8: Season 2: Polyphony,2018-12-22,2018,December,22,Saturday,Sense8, Season 2, Polyphony,TV Show
Sense8: Season 2: Obligate Mutualisms,2018-12-22,2018,December,22,Saturday,Sense8, Season 2, Obligate Mutualisms,TV Show
Sense8: Season 2: Who Am I?,2018-12-22,2018,December,22,Saturday,Sense8, Season 2, Who Am I?,TV Show
Sense8: Season 2: Happy F*cking New Year.,2018-12-21,2018,December,21,Friday,Sense8, Season 2, Happy F*cking New Year.,TV Show
Sense8: Season 1: I Can’t Leave Her,2018-12-21,2018,December,21,Friday,Sense8, Season 1, I Can’t Leave Her,TV Show
Sense8: Season 1: Just Turn the Wheel and the Future Changes,2018-12-21,2018,December,21,Friday,Sense8, Season 1, Just Turn the Wheel and the Future Changes,TV Show
Sense8: Season 1: What Is Human?,2018-12-21,2018,December,21,Friday,Sense8, Season 1, What Is Human?,TV Show
Sense8: Season 1: Death Doesn’t Let You Say Goodbye,2018-12-21,2018,December,21,Friday,Sense8, Season 1, Death Doesn’t Let You Say Goodbye,TV Show
Sense8: Season 1: We Will All Be Judged by the Courage of Our Hearts,2018-12-21,2018,December,21,Friday,Sense8, Season 1, We Will All Be Judged by the Courage of Our Hearts,TV Show
Sense8: Season 1: W. W. N. Double D?,2018-12-21,2018,December,21,Friday,Sense8, Season 1, W. W. N. Double D?,TV Show
Sense8: Season 1: Demons,2018-12-20,2018,December,20,Thursday,Sense8, Season 1, Demons,TV Show
Andhadhun,2018-12-20,2018,December,20,Thursday,Andhadhun,,,Movie
Sense8: Season 1: Art Is Like Religion,2018-12-19,2018,December,19,Wednesday,Sense8, Season 1, Art Is Like Religion,TV Show
Sense8: Season 1: What’s Going On?,2018-12-19,2018,December,19,Wednesday,Sense8, Season 1, What’s Going On?,TV Show
Sense8: Season 1: Smart Money Is on the Skinny Bitch,2018-12-19,2018,December,19,Wednesday,Sense8, Season 1, Smart Money Is on the Skinny Bitch,TV Show
Sense8: Season 1: I Am Also a We,2018-12-19,2018,December,19,Wednesday,Sense8, Season 1, I Am Also a We,TV Show
Flint Town: Season 1: The Rat Pack,2018-12-19,2018,December,19,Wednesday,Flint Town, Season 1, The Rat Pack,TV Show
Eternal Sunshine of the Spotless Mind,2018-12-19,2018,December,19,Wednesday,Eternal Sunshine of the Spotless Mind,,,Movie
Ellen DeGeneres: Relatable: Special: Relatable,2018-12-19,2018,December,19,Wednesday,Ellen DeGeneres, Relatable, Special: Relatable,TV Show
Christiane Amanpour: Sex & Love Around the World: Season 1: Shanghai,2018-12-18,2018,December,18,Tuesday,Christiane Amanpour, Sex & Love Around the World, Season 1: Shanghai,TV Show
Christiane Amanpour: Sex & Love Around the World: Season 1: Accra,2018-12-18,2018,December,18,Tuesday,Christiane Amanpour, Sex & Love Around the World, Season 1: Accra,TV Show
Christiane Amanpour: Sex & Love Around the World: Season 1: Berlin,2018-12-18,2018,December,18,Tuesday,Christiane Amanpour, Sex & Love Around the World, Season 1: Berlin,TV Show
Christiane Amanpour: Sex & Love Around the World: Season 1: Beirut,2018-12-18,2018,December,18,Tuesday,Christiane Amanpour, Sex & Love Around the World, Season 1: Beirut,TV Show
Christiane Amanpour: Sex & Love Around the World: Season 1: Delhi,2018-12-14,2018,December,14,Friday,Christiane Amanpour, Sex & Love Around the World, Season 1: Delhi,TV Show
Christiane Amanpour: Sex & Love Around the World: Season 1: Tokyo,2018-12-13,2018,December,13,Thursday,Christiane Amanpour, Sex & Love Around the World, Season 1: Tokyo,TV Show
Vir Das: Losing It,2018-12-13,2018,December,13,Thursday,Vir Das, Losing It,,TV Show
Mowgli: Legend of the Jungle,2018-12-13,2018,December,13,Thursday,Mowgli, Legend of the Jungle,,TV Show
Nothing to Hide,2018-12-11,2018,December,11,Tuesday,Nothing to Hide,,,Movie
Snowden,2018-12-09,2018,December,9,Sunday,Snowden,,,Movie
Kung Fu Panda: Holiday,2018-12-09,2018,December,9,Sunday,Kung Fu Panda, Holiday,,TV Show
GoodFellas,2018-12-09,2018,December,9,Sunday,GoodFellas,,,Movie
You Laugh But It's True,2018-12-06,2018,December,6,Thursday,You Laugh But It's True,,,Movie
Fireplace for Your Home: Season 1: Crackling Yule Log Fireplace,2018-12-03,2018,December,3,Monday,Fireplace for Your Home, Season 1, Crackling Yule Log Fireplace,TV Show
Trevor Noah: Afraid of the Dark,2018-12-02,2018,December,2,Sunday,Trevor Noah, Afraid of the Dark,,TV Show
Wanderlust: Season 1: Episode 6,2018-12-02,2018,December,2,Sunday,Wanderlust, Season 1, Episode 6,TV Show
Wanderlust: Season 1: Episode 5,2018-12-01,2018,December,1,Saturday,Wanderlust, Season 1, Episode 5,TV Show
Wanderlust: Season 1: Episode 4,2018-12-01,2018,December,1,Saturday,Wanderlust, Season 1, Episode 4,TV Show
Wanderlust: Season 1: Episode 3,2018-11-29,2018,November,29,Thursday,Wanderlust, Season 1, Episode 3,TV Show
God Knows Where I Am,2018-11-28,2018,November,28,Wednesday,God Knows Where I Am,,,Movie
Wanderlust: Season 1: Episode 2,2018-11-27,2018,November,27,Tuesday,Wanderlust, Season 1, Episode 2,TV Show
Wanderlust: Season 1: Episode 1,2018-11-26,2018,November,26,Monday,Wanderlust, Season 1, Episode 1,TV Show
The Final Table: Season 1: USA,2018-11-26,2018,November,26,Monday,The Final Table, Season 1, USA,TV Show
The Final Table: Season 1: India,2018-11-26,2018,November,26,Monday,The Final Table, Season 1, India,TV Show
The Final Table: Season 1: Spain,2018-11-26,2018,November,26,Monday,The Final Table, Season 1, Spain,TV Show
The Final Table: Season 1: Mexico,2018-11-26,2018,November,26,Monday,The Final Table, Season 1, Mexico,TV Show
Trevor Noah: Son of Patricia,2018-11-23,2018,November,23,Friday,Trevor Noah, Son of Patricia,,TV Show
Salt Fat Acid Heat: Season 1: Salt,2018-11-11,2018,November,11,Sunday,Salt Fat Acid Heat, Season 1, Salt,TV Show
Salt Fat Acid Heat: Season 1: Fat,2018-11-11,2018,November,11,Sunday,Salt Fat Acid Heat, Season 1, Fat,TV Show
Chef's Table: Volume 5: Musa Dağdeviren,2018-11-07,2018,November,7,Wednesday,Chef's Table, Volume 5, Musa Dağdeviren,TV Show
Anthony Bourdain: Parts Unknown: Season 8: Rome,2018-11-04,2018,November,4,Sunday,Anthony Bourdain, Parts Unknown, Season 8: Rome,TV Show
Flint Town: Season 1: Two Guns,2018-11-01,2018,November,1,Thursday,Flint Town, Season 1, Two Guns,TV Show
Flint Town: Season 1: Welcome to Flint Town,2018-11-01,2018,November,1,Thursday,Flint Town, Season 1, Welcome to Flint Town,TV Show
Feminists: What Were They Thinking?,2018-10-29,2018,October,29,Monday,Feminists, What Were They Thinking?,,TV Show
Patriot Act with Hasan Minhaj: Volume 1: Saudi Arabia,2018-10-29,2018,October,29,Monday,Patriot Act with Hasan Minhaj, Volume 1, Saudi Arabia,TV Show
Patriot Act with Hasan Minhaj: Volume 1: Affirmative Action,2018-10-29,2018,October,29,Monday,Patriot Act with Hasan Minhaj, Volume 1, Affirmative Action,TV Show
Lost in Space: Season 1: Impact,2018-10-25,2018,October,25,Thursday,Lost in Space, Season 1, Impact,TV Show
Dark Tourist: Season 1: Back in the USA,2018-10-22,2018,October,22,Monday,Dark Tourist, Season 1, Back in the USA,TV Show
Chef's Table: Volume 5: Cristina Martínez,2018-10-22,2018,October,22,Monday,Chef's Table, Volume 5, Cristina Martínez,TV Show
Salt Fat Acid Heat: Season 1: Acid,2018-10-22,2018,October,22,Monday,Salt Fat Acid Heat, Season 1, Acid,TV Show
Salt Fat Acid Heat: Season 1: Heat,2018-10-21,2018,October,21,Sunday,Salt Fat Acid Heat, Season 1, Heat,TV Show
Explained: Season 1: Astrology,2018-10-16,2018,October,16,Tuesday,Explained, Season 1, Astrology,TV Show
Big Eyes,2018-10-08,2018,October,8,Monday,Big Eyes,,,Movie
Explained: Season 1: Can We Live Forever?,2018-09-28,2018,September,28,Friday,Explained, Season 1, Can We Live Forever?,TV Show
Explained: Season 1: K-Pop,2018-09-28,2018,September,28,Friday,Explained, Season 1, K-Pop,TV Show
Dark Tourist: Season 1: Africa,2018-09-25,2018,September,25,Tuesday,Dark Tourist, Season 1, Africa,TV Show
Dark Tourist: Season 1: South East Asia,2018-09-22,2018,September,22,Saturday,Dark Tourist, Season 1, South East Asia,TV Show
Dark Tourist: Season 1: Europe,2018-09-22,2018,September,22,Saturday,Dark Tourist, Season 1, Europe,TV Show
Dark Tourist: Season 1: The Stans,2018-09-21,2018,September,21,Friday,Dark Tourist, Season 1, The Stans,TV Show
Dark Tourist: Season 1: United States,2018-09-19,2018,September,19,Wednesday,Dark Tourist, Season 1, United States,TV Show
Dark Tourist: Season 1: Japan,2018-09-17,2018,September,17,Monday,Dark Tourist, Season 1, Japan,TV Show
Dark Tourist: Season 1: Latin America,2018-09-17,2018,September,17,Monday,Dark Tourist, Season 1, Latin America,TV Show
Explained: Season 1: Why Diets Fail,2018-09-16,2018,September,16,Sunday,Explained, Season 1, Why Diets Fail,TV Show
Jane The Virgin: Season 4: Chapter Eighty-One,2018-09-16,2018,September,16,Sunday,Jane The Virgin, Season 4, Chapter Eighty-One,TV Show
Jane The Virgin: Season 4: Chapter Eighty,2018-09-16,2018,September,16,Sunday,Jane The Virgin, Season 4, Chapter Eighty,TV Show
Jane The Virgin: Season 4: Chapter Seventy-Nine,2018-09-16,2018,September,16,Sunday,Jane The Virgin, Season 4, Chapter Seventy-Nine,TV Show
Jane The Virgin: Season 4: Chapter Seventy-Eight,2018-09-16,2018,September,16,Sunday,Jane The Virgin, Season 4, Chapter Seventy-Eight,TV Show
Jane The Virgin: Season 4: Chapter Seventy-Seven,2018-09-16,2018,September,16,Sunday,Jane The Virgin, Season 4, Chapter Seventy-Seven,TV Show
Jane The Virgin: Season 4: Chapter Seventy-Six,2018-09-15,2018,September,15,Saturday,Jane The Virgin, Season 4, Chapter Seventy-Six,TV Show
Jane The Virgin: Season 4: Chapter Seventy-Five,2018-09-15,2018,September,15,Saturday,Jane The Virgin, Season 4, Chapter Seventy-Five,TV Show
Jane The Virgin: Season 4: Chapter Seventy-Four,2018-09-15,2018,September,15,Saturday,Jane The Virgin, Season 4, Chapter Seventy-Four,TV Show
Jane The Virgin: Season 4: Chapter Seventy-Three,2018-09-15,2018,September,15,Saturday,Jane The Virgin, Season 4, Chapter Seventy-Three,TV Show
Jane The Virgin: Season 4: Chapter Seventy-Two,2018-09-15,2018,September,15,Saturday,Jane The Virgin, Season 4, Chapter Seventy-Two,TV Show
Jane The Virgin: Season 4: Chapter Seventy-One,2018-09-15,2018,September,15,Saturday,Jane The Virgin, Season 4, Chapter Seventy-One,TV Show
Jane The Virgin: Season 4: Chapter Seventy,2018-09-15,2018,September,15,Saturday,Jane The Virgin, Season 4, Chapter Seventy,TV Show
Jane The Virgin: Season 4: Chapter Sixty-Nine,2018-09-15,2018,September,15,Saturday,Jane The Virgin, Season 4, Chapter Sixty-Nine,TV Show
Jane The Virgin: Season 4: Chapter Sixty-Eight,2018-09-15,2018,September,15,Saturday,Jane The Virgin, Season 4, Chapter Sixty-Eight,TV Show
Jane The Virgin: Season 4: Chapter Sixty-Seven,2018-09-15,2018,September,15,Saturday,Jane The Virgin, Season 4, Chapter Sixty-Seven,TV Show
Jane The Virgin: Season 4: Chapter Sixty-Six,2018-09-15,2018,September,15,Saturday,Jane The Virgin, Season 4, Chapter Sixty-Six,TV Show
Jane The Virgin: Season 4: Chapter Sixty-Five,2018-09-15,2018,September,15,Saturday,Jane The Virgin, Season 4, Chapter Sixty-Five,TV Show
Jane The Virgin: Season 3: Chapter Sixty-Four,2018-09-15,2018,September,15,Saturday,Jane The Virgin, Season 3, Chapter Sixty-Four,TV Show
Jane The Virgin: Season 3: Chapter Sixty-Three,2018-09-14,2018,September,14,Friday,Jane The Virgin, Season 3, Chapter Sixty-Three,TV Show
Jane The Virgin: Season 3: Chapter Sixty-Two,2018-09-14,2018,September,14,Friday,Jane The Virgin, Season 3, Chapter Sixty-Two,TV Show
Jane The Virgin: Season 3: Chapter Sixty-One,2018-09-14,2018,September,14,Friday,Jane The Virgin, Season 3, Chapter Sixty-One,TV Show
Jane The Virgin: Season 3: Chapter Sixty,2018-09-13,2018,September,13,Thursday,Jane The Virgin, Season 3, Chapter Sixty,TV Show
Jane The Virgin: Season 3: Chapter Fifty-Nine,2018-09-13,2018,September,13,Thursday,Jane The Virgin, Season 3, Chapter Fifty-Nine,TV Show
Jane The Virgin: Season 3: Chapter Fifty-Eight,2018-09-13,2018,September,13,Thursday,Jane The Virgin, Season 3, Chapter Fifty-Eight,TV Show
Jane The Virgin: Season 3: Chapter Fifty-Seven,2018-09-12,2018,September,12,Wednesday,Jane The Virgin, Season 3, Chapter Fifty-Seven,TV Show
Jane The Virgin: Season 3: Chapter Fifty-Six,2018-09-12,2018,September,12,Wednesday,Jane The Virgin, Season 3, Chapter Fifty-Six,TV Show
Jane The Virgin: Season 3: Chapter Fifty-Five,2018-09-12,2018,September,12,Wednesday,Jane The Virgin, Season 3, Chapter Fifty-Five,TV Show
Jane The Virgin: Season 3: Chapter Fifty-Four,2018-09-12,2018,September,12,Wednesday,Jane The Virgin, Season 3, Chapter Fifty-Four,TV Show
Jane The Virgin: Season 3: Chapter Fifty-Three,2018-09-06,2018,September,6,Thursday,Jane The Virgin, Season 3, Chapter Fifty-Three,TV Show
Jane The Virgin: Season 3: Chapter Fifty-Two,2018-09-06,2018,September,6,Thursday,Jane The Virgin, Season 3, Chapter Fifty-Two,TV Show
Jane The Virgin: Season 3: Chapter Fifty-One,2018-09-05,2018,September,5,Wednesday,Jane The Virgin, Season 3, Chapter Fifty-One,TV Show
Jane The Virgin: Season 3: Chapter Fifty,2018-09-05,2018,September,5,Wednesday,Jane The Virgin, Season 3, Chapter Fifty,TV Show
Jane The Virgin: Season 3: Chapter Forty-Nine,2018-09-04,2018,September,4,Tuesday,Jane The Virgin, Season 3, Chapter Forty-Nine,TV Show
Jane The Virgin: Season 3: Chapter Forty-Eight,2018-09-04,2018,September,4,Tuesday,Jane The Virgin, Season 3, Chapter Forty-Eight,TV Show
Jane The Virgin: Season 3: Chapter Forty-Seven,2018-09-04,2018,September,4,Tuesday,Jane The Virgin, Season 3, Chapter Forty-Seven,TV Show
Jane The Virgin: Season 3: Chapter Forty-Six,2018-09-03,2018,September,3,Monday,Jane The Virgin, Season 3, Chapter Forty-Six,TV Show
Jane The Virgin: Season 3: Chapter Forty-Five,2018-09-03,2018,September,3,Monday,Jane The Virgin, Season 3, Chapter Forty-Five,TV Show
Jane The Virgin: Season 2: Chapter Forty-Four,2018-09-03,2018,September,3,Monday,Jane The Virgin, Season 2, Chapter Forty-Four,TV Show
Jane The Virgin: Season 2: Chapter Forty-Three,2018-09-01,2018,September,1,Saturday,Jane The Virgin, Season 2, Chapter Forty-Three,TV Show
Jane The Virgin: Season 2: Chapter Forty-One,2018-08-31,2018,August,31,Friday,Jane The Virgin, Season 2, Chapter Forty-One,TV Show
Jane The Virgin: Season 2: Chapter Forty,2018-08-31,2018,August,31,Friday,Jane The Virgin, Season 2, Chapter Forty,TV Show
Jane The Virgin: Season 2: Chapter Thirty-Nine,2018-08-31,2018,August,31,Friday,Jane The Virgin, Season 2, Chapter Thirty-Nine,TV Show
How the Grinch Stole Christmas,2018-08-30,2018,August,30,Thursday,How the Grinch Stole Christmas,,,Movie
Master of None: Season 1: Plan B,2018-08-28,2018,August,28,Tuesday,Master of None, Season 1, Plan B,TV Show
To All the Boys I’ve Loved Before,2018-08-28,2018,August,28,Tuesday,To All the Boys I’ve Loved Before,,,Movie
Carrie Pilby,2018-08-25,2018,August,25,Saturday,Carrie Pilby,,,Movie
The Nice Guys,2018-08-25,2018,August,25,Saturday,The Nice Guys,,,Movie
Snatch,2018-08-25,2018,August,25,Saturday,Snatch,,,Movie
The Shawshank Redemption,2018-08-25,2018,August,25,Saturday,The Shawshank Redemption,,,Movie
Comedians in Cars Getting Coffee: New 2018: Freshly Brewed: Ellen DeGeneres: You Said It Wasn’t Funny,2018-08-25,2018,August,25,Saturday,Comedians in Cars Getting Coffee, New 2018, Freshly Brewed: Ellen DeGeneres: You Said It Wasn’t Funny,TV Show
